month_end;forecast_date;model;q;obs_var;intercept;size_cs;value_cs;mom_cs;mkt_vol;illiq_cs;state_infl_high;state_dd_stress;value_cs_x_inflhigh;illiq_cs_x_stress;value_missing;illiq_missing;alpha;l1_ratio;window;depth;learning_rate;l2_leaf_reg;iterations;size_cs__lag1;value_cs__lag1;mom_cs__lag1;mkt_vol__lag1;illiq_cs__lag1;state_infl_high__lag1;state_dd_stress__lag1;value_cs_x_inflhigh__lag1;illiq_cs_x_stress__lag1;value_missing__lag1;illiq_missing__lag1;size_cs__lag2;value_cs__lag2;mom_cs__lag2;mkt_vol__lag2;illiq_cs__lag2;state_infl_high__lag2;state_dd_stress__lag2;value_cs_x_inflhigh__lag2;illiq_cs_x_stress__lag2;value_missing__lag2;illiq_missing__lag2;size_cs__lag3;value_cs__lag3;mom_cs__lag3;mkt_vol__lag3;illiq_cs__lag3;state_infl_high__lag3;state_dd_stress__lag3;value_cs_x_inflhigh__lag3;illiq_cs_x_stress__lag3;value_missing__lag3;illiq_missing__lag3;size_cs__lag4;value_cs__lag4;mom_cs__lag4;mkt_vol__lag4;illiq_cs__lag4;state_infl_high__lag4;state_dd_stress__lag4;value_cs_x_inflhigh__lag4;illiq_cs_x_stress__lag4;value_missing__lag4;illiq_missing__lag4;d_model;num_layers;dropout;lr;weight_decay;size_cs__lag7;value_cs__lag7;mom_cs__lag7;mkt_vol__lag7;illiq_cs__lag7;state_infl_high__lag7;state_dd_stress__lag7;value_cs_x_inflhigh__lag7;illiq_cs_x_stress__lag7;value_missing__lag7;illiq_missing__lag7;size_cs__lag6;value_cs__lag6;mom_cs__lag6;mkt_vol__lag6;illiq_cs__lag6;state_infl_high__lag6;state_dd_stress__lag6;value_cs_x_inflhigh__lag6;illiq_cs_x_stress__lag6;value_missing__lag6;illiq_missing__lag6;size_cs__lag5;value_cs__lag5;mom_cs__lag5;mkt_vol__lag5;illiq_cs__lag5;state_infl_high__lag5;state_dd_stress__lag5;value_cs_x_inflhigh__lag5;illiq_cs_x_stress__lag5;value_missing__lag5;illiq_missing__lag5;size_cs__lag0;value_cs__lag0;mom_cs__lag0;mkt_vol__lag0;illiq_cs__lag0;state_infl_high__lag0;state_dd_stress__lag0;value_cs_x_inflhigh__lag0;illiq_cs_x_stress__lag0;value_missing__lag0;illiq_missing__lag0
2018-09-30;2018-12-31;kalman_tvp;0.001;0.042754;-0.005259;-0.027115;0.023369;0.015144;0.016896;0.018348;0.0;0.020197;0.0;-0.149693;0.000232;0.0;;;;;;;;;;;;;;;;;;;;;;;;;;;;;;;;;;;;;;;;;;;;;;;;;;;;;;;;;;;;;;;;;;;;;;;;;;;;;;;;;;;;;;;;;;;;;;;;;;;;
2018-12-31;2019-03-31;kalman_tvp;0.0001;0.045944;0.00387;-0.03285;0.025527;0.013004;0.014535;0.032232;0.119899;0.047155;-0.030403;-0.12027;-0.000499;0.0;;;;;;;;;;;;;;;;;;;;;;;;;;;;;;;;;;;;;;;;;;;;;;;;;;;;;;;;;;;;;;;;;;;;;;;;;;;;;;;;;;;;;;;;;;;;;;;;;;;;
2019-03-31;2019-06-30;kalman_tvp;1e-05;0.046667;0.026119;-0.023153;0.0262;0.016707;0.008649;-0.006057;0.094419;0.035313;-0.014231;-0.100052;-0.006182;0.0;;;;;;;;;;;;;;;;;;;;;;;;;;;;;;;;;;;;;;;;;;;;;;;;;;;;;;;;;;;;;;;;;;;;;;;;;;;;;;;;;;;;;;;;;;;;;;;;;;;;
2019-06-30;2019-09-30;kalman_tvp;0.0001;0.046484;0.041831;-0.009335;0.027565;-0.017418;0.007106;0.026907;0.096008;0.047145;-0.016678;-0.119858;0.000773;0.0;;;;;;;;;;;;;;;;;;;;;;;;;;;;;;;;;;;;;;;;;;;;;;;;;;;;;;;;;;;;;;;;;;;;;;;;;;;;;;;;;;;;;;;;;;;;;;;;;;;;
2019-09-30;2019-12-31;kalman_tvp;0.0001;0.0449;0.049539;0.007639;0.027845;-0.009074;0.004841;0.010487;0.100863;0.039314;-0.012769;-0.119553;0.007082;0.0;;;;;;;;;;;;;;;;;;;;;;;;;;;;;;;;;;;;;;;;;;;;;;;;;;;;;;;;;;;;;;;;;;;;;;;;;;;;;;;;;;;;;;;;;;;;;;;;;;;;
2019-12-31;2020-03-31;kalman_tvp;1e-05;0.044285;0.028361;-0.013747;0.060186;0.026747;0.014938;0.010179;0.098958;0.018435;-0.046452;-0.113077;0.016738;0.0;;;;;;;;;;;;;;;;;;;;;;;;;;;;;;;;;;;;;;;;;;;;;;;;;;;;;;;;;;;;;;;;;;;;;;;;;;;;;;;;;;;;;;;;;;;;;;;;;;;;
2020-03-31;2020-06-30;kalman_tvp;1e-05;0.043747;0.014711;-0.023396;0.057077;0.046761;0.019324;0.010881;0.100466;0.018013;-0.047176;-0.045082;0.015939;0.0;;;;;;;;;;;;;;;;;;;;;;;;;;;;;;;;;;;;;;;;;;;;;;;;;;;;;;;;;;;;;;;;;;;;;;;;;;;;;;;;;;;;;;;;;;;;;;;;;;;;
2020-06-30;2020-09-30;kalman_tvp;0.0001;0.044226;0.036933;-0.033521;0.060774;0.035757;0.053551;0.027633;0.052574;0.031003;-0.04896;-0.038342;0.017245;0.0;;;;;;;;;;;;;;;;;;;;;;;;;;;;;;;;;;;;;;;;;;;;;;;;;;;;;;;;;;;;;;;;;;;;;;;;;;;;;;;;;;;;;;;;;;;;;;;;;;;;
2020-09-30;2020-12-31;kalman_tvp;1e-05;0.04367;0.021956;-0.012723;0.060966;0.017512;0.023168;0.00132;0.084208;0.040193;-0.045888;-0.007099;0.016614;0.0;;;;;;;;;;;;;;;;;;;;;;;;;;;;;;;;;;;;;;;;;;;;;;;;;;;;;;;;;;;;;;;;;;;;;;;;;;;;;;;;;;;;;;;;;;;;;;;;;;;;
2020-12-31;2021-03-31;kalman_tvp;1e-05;0.043526;0.019978;-0.013292;0.060042;0.023537;0.011876;0.001206;0.075011;0.055192;-0.076763;-0.007497;0.016314;0.0;;;;;;;;;;;;;;;;;;;;;;;;;;;;;;;;;;;;;;;;;;;;;;;;;;;;;;;;;;;;;;;;;;;;;;;;;;;;;;;;;;;;;;;;;;;;;;;;;;;;
2021-03-31;2021-06-30;kalman_tvp;0.0001;0.042985;0.012218;-0.016821;0.063552;0.019407;0.023123;-0.000707;0.041418;0.073717;-0.075211;0.00797;0.006233;0.0;;;;;;;;;;;;;;;;;;;;;;;;;;;;;;;;;;;;;;;;;;;;;;;;;;;;;;;;;;;;;;;;;;;;;;;;;;;;;;;;;;;;;;;;;;;;;;;;;;;;
2021-06-30;2021-09-30;kalman_tvp;0.0001;0.044083;0.019561;0.00295;0.056094;0.020014;0.025004;-0.010934;0.050014;0.073755;-0.102232;0.01123;0.000846;0.0;;;;;;;;;;;;;;;;;;;;;;;;;;;;;;;;;;;;;;;;;;;;;;;;;;;;;;;;;;;;;;;;;;;;;;;;;;;;;;;;;;;;;;;;;;;;;;;;;;;;
2021-09-30;2021-12-31;kalman_tvp;1e-05;0.044532;0.012357;-0.012372;0.060912;0.013925;0.018133;-0.001818;0.046169;0.059481;-0.110526;-0.005163;0.02125;0.0;;;;;;;;;;;;;;;;;;;;;;;;;;;;;;;;;;;;;;;;;;;;;;;;;;;;;;;;;;;;;;;;;;;;;;;;;;;;;;;;;;;;;;;;;;;;;;;;;;;;
2021-12-31;2022-03-31;kalman_tvp;0.001;0.045574;-0.038544;-0.035743;0.045029;-0.071726;0.081093;0.033131;-0.020833;0.082885;-0.136645;0.018791;-0.001433;0.0;;;;;;;;;;;;;;;;;;;;;;;;;;;;;;;;;;;;;;;;;;;;;;;;;;;;;;;;;;;;;;;;;;;;;;;;;;;;;;;;;;;;;;;;;;;;;;;;;;;;
2022-03-31;2022-06-30;kalman_tvp;0.001;0.046516;-0.025155;-0.046846;0.083419;-0.109072;0.015986;0.028913;-0.022343;0.039588;-0.095275;0.010314;-0.043325;0.0;;;;;;;;;;;;;;;;;;;;;;;;;;;;;;;;;;;;;;;;;;;;;;;;;;;;;;;;;;;;;;;;;;;;;;;;;;;;;;;;;;;;;;;;;;;;;;;;;;;;
2022-06-30;2022-09-30;kalman_tvp;0.0001;0.045574;-0.051123;-0.026794;0.039977;-0.075542;-0.002971;0.019809;-0.005285;0.004429;-0.080035;0.033438;0.018305;0.0;;;;;;;;;;;;;;;;;;;;;;;;;;;;;;;;;;;;;;;;;;;;;;;;;;;;;;;;;;;;;;;;;;;;;;;;;;;;;;;;;;;;;;;;;;;;;;;;;;;;
2022-09-30;2022-12-31;kalman_tvp;1e-05;0.046804;-0.004942;-0.023168;0.054567;0.031437;0.014723;0.004778;0.003231;0.02117;-0.093674;0.014246;0.02107;0.0;;;;;;;;;;;;;;;;;;;;;;;;;;;;;;;;;;;;;;;;;;;;;;;;;;;;;;;;;;;;;;;;;;;;;;;;;;;;;;;;;;;;;;;;;;;;;;;;;;;;
2022-12-31;2023-03-31;kalman_tvp;0.0001;0.050034;-0.060215;-0.069699;0.048611;0.051806;0.063942;0.005982;0.018602;0.003316;-0.066028;0.018413;0.009398;0.0;;;;;;;;;;;;;;;;;;;;;;;;;;;;;;;;;;;;;;;;;;;;;;;;;;;;;;;;;;;;;;;;;;;;;;;;;;;;;;;;;;;;;;;;;;;;;;;;;;;;
2023-03-31;2023-06-30;kalman_tvp;0.001;0.053047;-0.073003;-0.110086;0.085422;0.070927;0.073072;0.097745;-0.009031;0.029789;-0.070245;0.048217;-0.025107;0.0;;;;;;;;;;;;;;;;;;;;;;;;;;;;;;;;;;;;;;;;;;;;;;;;;;;;;;;;;;;;;;;;;;;;;;;;;;;;;;;;;;;;;;;;;;;;;;;;;;;;
2023-06-30;2023-09-30;kalman_tvp;0.001;0.059373;-0.07415;-0.125632;-0.098151;0.231108;0.094847;0.189451;0.011171;0.034708;0.010708;0.100105;0.000579;0.0;;;;;;;;;;;;;;;;;;;;;;;;;;;;;;;;;;;;;;;;;;;;;;;;;;;;;;;;;;;;;;;;;;;;;;;;;;;;;;;;;;;;;;;;;;;;;;;;;;;;
2023-09-30;2023-12-31;kalman_tvp;0.001;0.062285;-0.098994;0.006773;-0.052235;0.180858;0.157411;-0.00404;-0.112625;-0.057623;0.061799;0.003411;0.031396;0.0;;;;;;;;;;;;;;;;;;;;;;;;;;;;;;;;;;;;;;;;;;;;;;;;;;;;;;;;;;;;;;;;;;;;;;;;;;;;;;;;;;;;;;;;;;;;;;;;;;;;
2023-12-31;2024-03-31;kalman_tvp;1e-05;0.062116;0.042478;-0.039974;0.020732;0.04969;0.06142;0.015571;-0.093755;0.034547;-0.049501;0.074132;-0.019438;0.0;;;;;;;;;;;;;;;;;;;;;;;;;;;;;;;;;;;;;;;;;;;;;;;;;;;;;;;;;;;;;;;;;;;;;;;;;;;;;;;;;;;;;;;;;;;;;;;;;;;;
2024-03-31;2024-06-30;kalman_tvp;1e-05;0.06102;0.021498;-0.033776;0.025914;0.079395;0.066431;0.00775;-0.087908;0.018144;-0.052018;0.059266;-0.008945;0.0;;;;;;;;;;;;;;;;;;;;;;;;;;;;;;;;;;;;;;;;;;;;;;;;;;;;;;;;;;;;;;;;;;;;;;;;;;;;;;;;;;;;;;;;;;;;;;;;;;;;
2024-06-30;2024-09-30;kalman_tvp;1e-05;0.059676;0.023072;-0.030283;0.033416;0.07694;0.067731;0.005113;-0.088494;0.019339;-0.05778;0.054221;-0.007359;0.0;;;;;;;;;;;;;;;;;;;;;;;;;;;;;;;;;;;;;;;;;;;;;;;;;;;;;;;;;;;;;;;;;;;;;;;;;;;;;;;;;;;;;;;;;;;;;;;;;;;;
2024-09-30;2024-12-31;kalman_tvp;1e-05;0.058536;0.023745;-0.018724;0.039912;0.062788;0.065808;-0.001307;-0.089196;0.01733;-0.060982;0.043833;-0.006031;0.0;;;;;;;;;;;;;;;;;;;;;;;;;;;;;;;;;;;;;;;;;;;;;;;;;;;;;;;;;;;;;;;;;;;;;;;;;;;;;;;;;;;;;;;;;;;;;;;;;;;;
2024-12-31;2025-03-31;kalman_tvp;1e-05;0.05838;0.025646;-0.021458;0.038872;0.034944;0.096223;-0.001623;-0.041631;0.021922;-0.059467;0.045507;0.0001;0.0;;;;;;;;;;;;;;;;;;;;;;;;;;;;;;;;;;;;;;;;;;;;;;;;;;;;;;;;;;;;;;;;;;;;;;;;;;;;;;;;;;;;;;;;;;;;;;;;;;;;
2025-03-31;2025-06-30;kalman_tvp;1e-05;0.057122;0.031826;-0.021529;0.04557;0.048844;0.080135;-0.002328;-0.007521;0.031871;-0.057946;-0.000561;-0.000768;0.0;;;;;;;;;;;;;;;;;;;;;;;;;;;;;;;;;;;;;;;;;;;;;;;;;;;;;;;;;;;;;;;;;;;;;;;;;;;;;;;;;;;;;;;;;;;;;;;;;;;;
2025-06-30;2025-09-30;kalman_tvp;1e-05;0.056341;0.036124;-0.021208;0.043212;0.040673;0.084994;-0.002264;-0.010649;0.030904;-0.057895;0.00395;0.002324;0.0;;;;;;;;;;;;;;;;;;;;;;;;;;;;;;;;;;;;;;;;;;;;;;;;;;;;;;;;;;;;;;;;;;;;;;;;;;;;;;;;;;;;;;;;;;;;;;;;;;;;
2018-09-30;2018-12-31;ols;;;0.010521;-0.026997;0.027332;0.064639;0.025931;-0.011301;0.0;0.008726;0.0;-0.08931;-0.024976;0.0;;;;;;;;;;;;;;;;;;;;;;;;;;;;;;;;;;;;;;;;;;;;;;;;;;;;;;;;;;;;;;;;;;;;;;;;;;;;;;;;;;;;;;;;;;;;;;;;;;;;
2018-12-31;2019-03-31;ols;;;0.011793;-0.024289;0.025173;0.04298;0.02536;0.00787;0.097087;0.03387;-0.016861;-0.124579;-0.020011;0.0;;;;;;;;;;;;;;;;;;;;;;;;;;;;;;;;;;;;;;;;;;;;;;;;;;;;;;;;;;;;;;;;;;;;;;;;;;;;;;;;;;;;;;;;;;;;;;;;;;;;
2019-03-31;2019-06-30;ols;;;0.024662;-0.02429;0.026631;0.034588;0.014005;-0.005796;0.098529;0.023969;-0.014425;-0.097333;-0.00106;0.0;;;;;;;;;;;;;;;;;;;;;;;;;;;;;;;;;;;;;;;;;;;;;;;;;;;;;;;;;;;;;;;;;;;;;;;;;;;;;;;;;;;;;;;;;;;;;;;;;;;;
2019-06-30;2019-09-30;ols;;;0.031357;-0.016968;0.030606;0.033417;0.011754;0.008523;0.097188;0.016365;-0.016167;-0.116608;0.007679;0.0;;;;;;;;;;;;;;;;;;;;;;;;;;;;;;;;;;;;;;;;;;;;;;;;;;;;;;;;;;;;;;;;;;;;;;;;;;;;;;;;;;;;;;;;;;;;;;;;;;;;
2019-09-30;2019-12-31;ols;;;0.021695;-0.012745;0.034243;0.029299;0.004168;0.005751;0.098047;0.012238;-0.01538;-0.105537;0.015759;0.0;;;;;;;;;;;;;;;;;;;;;;;;;;;;;;;;;;;;;;;;;;;;;;;;;;;;;;;;;;;;;;;;;;;;;;;;;;;;;;;;;;;;;;;;;;;;;;;;;;;;
2019-12-31;2020-03-31;ols;;;0.019472;-0.014462;0.059442;0.031997;0.008781;0.008032;0.097081;0.010898;-0.045986;-0.113153;0.014107;0.0;;;;;;;;;;;;;;;;;;;;;;;;;;;;;;;;;;;;;;;;;;;;;;;;;;;;;;;;;;;;;;;;;;;;;;;;;;;;;;;;;;;;;;;;;;;;;;;;;;;;
2020-03-31;2020-06-30;ols;;;0.004588;-0.019367;0.056433;0.043707;0.015009;0.004605;0.111924;0.014143;-0.046448;-0.049436;0.017709;0.0;;;;;;;;;;;;;;;;;;;;;;;;;;;;;;;;;;;;;;;;;;;;;;;;;;;;;;;;;;;;;;;;;;;;;;;;;;;;;;;;;;;;;;;;;;;;;;;;;;;;
2020-06-30;2020-09-30;ols;;;0.015001;-0.02061;0.055152;0.026742;0.039664;0.003819;0.088908;0.016669;-0.045015;-0.027457;0.01322;0.0;;;;;;;;;;;;;;;;;;;;;;;;;;;;;;;;;;;;;;;;;;;;;;;;;;;;;;;;;;;;;;;;;;;;;;;;;;;;;;;;;;;;;;;;;;;;;;;;;;;;
2020-09-30;2020-12-31;ols;;;0.015973;-0.014896;0.060066;0.023283;0.025545;0.00043;0.094798;0.029724;-0.044072;-0.012617;0.01484;0.0;;;;;;;;;;;;;;;;;;;;;;;;;;;;;;;;;;;;;;;;;;;;;;;;;;;;;;;;;;;;;;;;;;;;;;;;;;;;;;;;;;;;;;;;;;;;;;;;;;;;
2020-12-31;2021-03-31;ols;;;0.013116;-0.015368;0.059958;0.02664;0.013579;0.000239;0.087767;0.043901;-0.076174;-0.012929;0.017302;0.0;;;;;;;;;;;;;;;;;;;;;;;;;;;;;;;;;;;;;;;;;;;;;;;;;;;;;;;;;;;;;;;;;;;;;;;;;;;;;;;;;;;;;;;;;;;;;;;;;;;;
2021-03-31;2021-06-30;ols;;;0.013006;-0.017319;0.060094;0.027711;0.018274;-0.000492;0.07569;0.050067;-0.070656;-0.014319;0.013657;0.0;;;;;;;;;;;;;;;;;;;;;;;;;;;;;;;;;;;;;;;;;;;;;;;;;;;;;;;;;;;;;;;;;;;;;;;;;;;;;;;;;;;;;;;;;;;;;;;;;;;;
2021-06-30;2021-09-30;ols;;;0.012808;-0.01478;0.062343;0.027778;0.018754;-0.002094;0.07601;0.050104;-0.105668;-0.007487;0.012664;0.0;;;;;;;;;;;;;;;;;;;;;;;;;;;;;;;;;;;;;;;;;;;;;;;;;;;;;;;;;;;;;;;;;;;;;;;;;;;;;;;;;;;;;;;;;;;;;;;;;;;;
2021-09-30;2021-12-31;ols;;;0.015359;-0.015376;0.06243;0.024786;0.016586;-0.001362;0.060867;0.053619;-0.112111;-0.009904;0.016372;0.0;;;;;;;;;;;;;;;;;;;;;;;;;;;;;;;;;;;;;;;;;;;;;;;;;;;;;;;;;;;;;;;;;;;;;;;;;;;;;;;;;;;;;;;;;;;;;;;;;;;;
2021-12-31;2022-03-31;ols;;;0.023846;-0.016696;0.060847;0.007697;0.04509;0.00098;0.010304;0.041532;-0.114957;-0.016626;0.022322;0.0;;;;;;;;;;;;;;;;;;;;;;;;;;;;;;;;;;;;;;;;;;;;;;;;;;;;;;;;;;;;;;;;;;;;;;;;;;;;;;;;;;;;;;;;;;;;;;;;;;;;
2022-03-31;2022-06-30;ols;;;0.026542;-0.018468;0.059271;-0.008116;-0.009151;-0.000922;0.036541;0.029389;-0.095287;0.01358;0.029356;0.0;;;;;;;;;;;;;;;;;;;;;;;;;;;;;;;;;;;;;;;;;;;;;;;;;;;;;;;;;;;;;;;;;;;;;;;;;;;;;;;;;;;;;;;;;;;;;;;;;;;;
2022-06-30;2022-09-30;ols;;;0.018656;-0.018438;0.050145;-0.014678;-0.026371;-0.001236;0.06081;0.028495;-0.086258;0.02738;0.038566;0.0;;;;;;;;;;;;;;;;;;;;;;;;;;;;;;;;;;;;;;;;;;;;;;;;;;;;;;;;;;;;;;;;;;;;;;;;;;;;;;;;;;;;;;;;;;;;;;;;;;;;
2022-09-30;2022-12-31;ols;;;0.023462;-0.019095;0.05548;0.016849;-0.005878;-0.001112;0.028856;0.034853;-0.092391;0.015975;0.021751;0.0;;;;;;;;;;;;;;;;;;;;;;;;;;;;;;;;;;;;;;;;;;;;;;;;;;;;;;;;;;;;;;;;;;;;;;;;;;;;;;;;;;;;;;;;;;;;;;;;;;;;
2022-12-31;2023-03-31;ols;;;0.015106;-0.025285;0.050415;0.034449;-6.5e-05;-0.005605;0.047525;0.046639;-0.074661;0.0358;0.017216;0.0;;;;;;;;;;;;;;;;;;;;;;;;;;;;;;;;;;;;;;;;;;;;;;;;;;;;;;;;;;;;;;;;;;;;;;;;;;;;;;;;;;;;;;;;;;;;;;;;;;;;
2023-03-31;2023-06-30;ols;;;0.012498;-0.025902;0.065478;0.04799;-0.006512;-0.005682;0.040788;0.065834;-0.092583;0.08203;0.006808;0.0;;;;;;;;;;;;;;;;;;;;;;;;;;;;;;;;;;;;;;;;;;;;;;;;;;;;;;;;;;;;;;;;;;;;;;;;;;;;;;;;;;;;;;;;;;;;;;;;;;;;
2023-06-30;2023-09-30;ols;;;0.02593;-0.028259;0.024748;0.096057;-0.038244;-0.006232;0.034712;0.100104;-0.056157;0.140602;-0.013419;0.0;;;;;;;;;;;;;;;;;;;;;;;;;;;;;;;;;;;;;;;;;;;;;;;;;;;;;;;;;;;;;;;;;;;;;;;;;;;;;;;;;;;;;;;;;;;;;;;;;;;;
2023-09-30;2023-12-31;ols;;;0.052423;-0.026759;0.02853;0.064315;0.019879;-0.005977;-0.024312;0.01546;-0.05235;0.106511;0.002306;0.0;;;;;;;;;;;;;;;;;;;;;;;;;;;;;;;;;;;;;;;;;;;;;;;;;;;;;;;;;;;;;;;;;;;;;;;;;;;;;;;;;;;;;;;;;;;;;;;;;;;;
2023-12-31;2024-03-31;ols;;;0.046696;-0.026563;0.026096;0.056189;0.014182;-0.005251;-0.033844;0.038864;-0.049949;0.102748;-0.0133;0.0;;;;;;;;;;;;;;;;;;;;;;;;;;;;;;;;;;;;;;;;;;;;;;;;;;;;;;;;;;;;;;;;;;;;;;;;;;;;;;;;;;;;;;;;;;;;;;;;;;;;
2024-03-31;2024-06-30;ols;;;0.034662;-0.026263;0.029679;0.079876;0.016243;-0.005468;-0.027591;0.023818;-0.052283;0.08617;-0.003422;0.0;;;;;;;;;;;;;;;;;;;;;;;;;;;;;;;;;;;;;;;;;;;;;;;;;;;;;;;;;;;;;;;;;;;;;;;;;;;;;;;;;;;;;;;;;;;;;;;;;;;;
2024-06-30;2024-09-30;ols;;;0.035073;-0.025496;0.03588;0.079675;0.016292;-0.005017;-0.027486;0.023924;-0.057798;0.079755;-0.002949;0.0;;;;;;;;;;;;;;;;;;;;;;;;;;;;;;;;;;;;;;;;;;;;;;;;;;;;;;;;;;;;;;;;;;;;;;;;;;;;;;;;;;;;;;;;;;;;;;;;;;;;
2024-09-30;2024-12-31;ols;;;0.035141;-0.022392;0.039729;0.06257;0.015772;-0.002909;-0.027887;0.02419;-0.059138;0.062755;-0.00321;0.0;;;;;;;;;;;;;;;;;;;;;;;;;;;;;;;;;;;;;;;;;;;;;;;;;;;;;;;;;;;;;;;;;;;;;;;;;;;;;;;;;;;;;;;;;;;;;;;;;;;;
2024-12-31;2025-03-31;ols;;;0.033911;-0.023262;0.039103;0.043188;0.021684;-0.003666;-0.009435;0.027697;-0.058888;0.063652;0.001129;0.0;;;;;;;;;;;;;;;;;;;;;;;;;;;;;;;;;;;;;;;;;;;;;;;;;;;;;;;;;;;;;;;;;;;;;;;;;;;;;;;;;;;;;;;;;;;;;;;;;;;;
2025-03-31;2025-06-30;ols;;;0.049936;-0.022341;0.041539;0.04767;0.033921;-0.003086;-0.004824;0.029938;-0.059866;0.000215;0.001558;0.0;;;;;;;;;;;;;;;;;;;;;;;;;;;;;;;;;;;;;;;;;;;;;;;;;;;;;;;;;;;;;;;;;;;;;;;;;;;;;;;;;;;;;;;;;;;;;;;;;;;;
2025-06-30;2025-09-30;ols;;;0.051963;-0.022338;0.039482;0.043735;0.039842;-0.003121;-0.008059;0.028535;-0.058479;0.001881;0.003277;0.0;;;;;;;;;;;;;;;;;;;;;;;;;;;;;;;;;;;;;;;;;;;;;;;;;;;;;;;;;;;;;;;;;;;;;;;;;;;;;;;;;;;;;;;;;;;;;;;;;;;;
2018-09-30;2018-12-31;ridge;;;0.010812;-0.019503;0.008022;0.056049;0.020195;-0.012457;0.0;0.00878;0.0;-0.020687;-0.016114;0.0;100.0;;;;;;;;;;;;;;;;;;;;;;;;;;;;;;;;;;;;;;;;;;;;;;;;;;;;;;;;;;;;;;;;;;;;;;;;;;;;;;;;;;;;;;;;;;;;;;;;;;;
2018-12-31;2019-03-31;ridge;;;0.017111;-0.019932;0.007849;0.041456;0.023694;0.000333;0.062714;0.023517;0.000972;-0.027769;-0.021236;0.0;100.0;;;;;;;;;;;;;;;;;;;;;;;;;;;;;;;;;;;;;;;;;;;;;;;;;;;;;;;;;;;;;;;;;;;;;;;;;;;;;;;;;;;;;;;;;;;;;;;;;;;
2019-03-31;2019-06-30;ridge;;;0.02779;-0.019086;0.008488;0.034213;0.01464;-0.008263;0.061911;0.016625;0.001306;-0.022795;-0.008379;0.0;100.0;;;;;;;;;;;;;;;;;;;;;;;;;;;;;;;;;;;;;;;;;;;;;;;;;;;;;;;;;;;;;;;;;;;;;;;;;;;;;;;;;;;;;;;;;;;;;;;;;;;
2019-06-30;2019-09-30;ridge;;;0.03316;-0.015046;0.009013;0.033155;0.012309;0.001808;0.060458;0.011442;0.001348;-0.026767;-0.002003;0.0;100.0;;;;;;;;;;;;;;;;;;;;;;;;;;;;;;;;;;;;;;;;;;;;;;;;;;;;;;;;;;;;;;;;;;;;;;;;;;;;;;;;;;;;;;;;;;;;;;;;;;;
2019-09-30;2019-12-31;ridge;;;0.022642;-0.011629;0.009972;0.029301;0.005582;0.000124;0.060154;0.007711;0.00166;-0.024575;0.003871;0.0;100.0;;;;;;;;;;;;;;;;;;;;;;;;;;;;;;;;;;;;;;;;;;;;;;;;;;;;;;;;;;;;;;;;;;;;;;;;;;;;;;;;;;;;;;;;;;;;;;;;;;;
2019-12-31;2020-03-31;ridge;;;0.019472;-0.014462;0.059441;0.031997;0.008781;0.008032;0.097081;0.010898;-0.045986;-0.113152;0.014107;0.0;0.0001;;;;;;;;;;;;;;;;;;;;;;;;;;;;;;;;;;;;;;;;;;;;;;;;;;;;;;;;;;;;;;;;;;;;;;;;;;;;;;;;;;;;;;;;;;;;;;;;;;;
2020-03-31;2020-06-30;ridge;;;0.004609;-0.019402;0.054351;0.043655;0.015137;0.004466;0.111515;0.01412;-0.040541;-0.048332;0.017593;0.0;1.0;;;;;;;;;;;;;;;;;;;;;;;;;;;;;;;;;;;;;;;;;;;;;;;;;;;;;;;;;;;;;;;;;;;;;;;;;;;;;;;;;;;;;;;;;;;;;;;;;;;
2020-06-30;2020-09-30;ridge;;;0.01513;-0.020755;0.042551;0.02664;0.039805;0.003195;0.086418;0.016829;-0.015823;-0.023294;0.012562;0.0;10.0;;;;;;;;;;;;;;;;;;;;;;;;;;;;;;;;;;;;;;;;;;;;;;;;;;;;;;;;;;;;;;;;;;;;;;;;;;;;;;;;;;;;;;;;;;;;;;;;;;;
2020-09-30;2020-12-31;ridge;;;0.018127;-0.014536;0.02001;0.021634;0.027985;4.1e-05;0.074298;0.027565;0.000471;-0.004806;0.009731;0.0;100.0;;;;;;;;;;;;;;;;;;;;;;;;;;;;;;;;;;;;;;;;;;;;;;;;;;;;;;;;;;;;;;;;;;;;;;;;;;;;;;;;;;;;;;;;;;;;;;;;;;;
2020-12-31;2021-03-31;ridge;;;0.016122;-0.014591;0.015267;0.024194;0.017901;4.5e-05;0.068858;0.037821;-0.00636;-0.004837;0.012555;0.0;100.0;;;;;;;;;;;;;;;;;;;;;;;;;;;;;;;;;;;;;;;;;;;;;;;;;;;;;;;;;;;;;;;;;;;;;;;;;;;;;;;;;;;;;;;;;;;;;;;;;;;
2021-03-31;2021-06-30;ridge;;;0.017221;-0.016292;0.015186;0.024869;0.023001;-0.000519;0.061638;0.042344;-0.006747;-0.005405;0.010928;0.0;100.0;;;;;;;;;;;;;;;;;;;;;;;;;;;;;;;;;;;;;;;;;;;;;;;;;;;;;;;;;;;;;;;;;;;;;;;;;;;;;;;;;;;;;;;;;;;;;;;;;;;
2021-06-30;2021-09-30;ridge;;;0.017161;-0.013587;0.008475;0.024872;0.023616;-0.001623;0.062592;0.042087;-0.017803;-0.002816;0.010047;0.0;100.0;;;;;;;;;;;;;;;;;;;;;;;;;;;;;;;;;;;;;;;;;;;;;;;;;;;;;;;;;;;;;;;;;;;;;;;;;;;;;;;;;;;;;;;;;;;;;;;;;;;
2021-09-30;2021-12-31;ridge;;;0.019895;-0.014067;0.005858;0.022145;0.020766;-0.001078;0.050264;0.045167;-0.021875;-0.003604;0.014273;0.0;100.0;;;;;;;;;;;;;;;;;;;;;;;;;;;;;;;;;;;;;;;;;;;;;;;;;;;;;;;;;;;;;;;;;;;;;;;;;;;;;;;;;;;;;;;;;;;;;;;;;;;
2021-12-31;2022-03-31;ridge;;;0.025162;-0.015294;0.003168;0.006337;0.042808;0.000673;0.009969;0.036929;-0.025333;-0.005893;0.021482;0.0;100.0;;;;;;;;;;;;;;;;;;;;;;;;;;;;;;;;;;;;;;;;;;;;;;;;;;;;;;;;;;;;;;;;;;;;;;;;;;;;;;;;;;;;;;;;;;;;;;;;;;;
2022-03-31;2022-06-30;ridge;;;0.028223;-0.017073;0.006204;-0.008264;-0.006168;0.000853;0.029377;0.025404;-0.019933;0.005494;0.025571;0.0;100.0;;;;;;;;;;;;;;;;;;;;;;;;;;;;;;;;;;;;;;;;;;;;;;;;;;;;;;;;;;;;;;;;;;;;;;;;;;;;;;;;;;;;;;;;;;;;;;;;;;;
2022-06-30;2022-09-30;ridge;;;0.020354;-0.017064;0.005933;-0.014901;-0.023635;0.001532;0.052124;0.023886;-0.019907;0.012412;0.033767;0.0;100.0;;;;;;;;;;;;;;;;;;;;;;;;;;;;;;;;;;;;;;;;;;;;;;;;;;;;;;;;;;;;;;;;;;;;;;;;;;;;;;;;;;;;;;;;;;;;;;;;;;;
2022-09-30;2022-12-31;ridge;;;0.025136;-0.017878;0.009449;0.014462;-0.003718;0.00078;0.02426;0.029377;-0.021911;0.008165;0.020049;0.0;100.0;;;;;;;;;;;;;;;;;;;;;;;;;;;;;;;;;;;;;;;;;;;;;;;;;;;;;;;;;;;;;;;;;;;;;;;;;;;;;;;;;;;;;;;;;;;;;;;;;;;
2022-12-31;2023-03-31;ridge;;;0.017894;-0.023393;0.010292;0.032175;0.002901;-0.001398;0.041202;0.039194;-0.017434;0.018047;0.015504;0.0;100.0;;;;;;;;;;;;;;;;;;;;;;;;;;;;;;;;;;;;;;;;;;;;;;;;;;;;;;;;;;;;;;;;;;;;;;;;;;;;;;;;;;;;;;;;;;;;;;;;;;;
2023-03-31;2023-06-30;ridge;;;0.012498;-0.025902;0.065478;0.04799;-0.006512;-0.005682;0.040788;0.065834;-0.092583;0.08203;0.006808;0.0;0.0001;;;;;;;;;;;;;;;;;;;;;;;;;;;;;;;;;;;;;;;;;;;;;;;;;;;;;;;;;;;;;;;;;;;;;;;;;;;;;;;;;;;;;;;;;;;;;;;;;;;
2023-06-30;2023-09-30;ridge;;;0.02593;-0.028259;0.024747;0.096057;-0.038244;-0.006232;0.034712;0.100104;-0.056156;0.140602;-0.013419;0.0;0.0001;;;;;;;;;;;;;;;;;;;;;;;;;;;;;;;;;;;;;;;;;;;;;;;;;;;;;;;;;;;;;;;;;;;;;;;;;;;;;;;;;;;;;;;;;;;;;;;;;;;
2023-09-30;2023-12-31;ridge;;;0.051702;-0.02501;0.006054;0.062393;0.020286;0.004122;-0.023371;0.01521;-0.016136;0.059709;0.001542;0.0;100.0;;;;;;;;;;;;;;;;;;;;;;;;;;;;;;;;;;;;;;;;;;;;;;;;;;;;;;;;;;;;;;;;;;;;;;;;;;;;;;;;;;;;;;;;;;;;;;;;;;;
2023-12-31;2024-03-31;ridge;;;0.047068;-0.024933;0.00667;0.054719;0.015032;0.004574;-0.032058;0.036186;-0.016587;0.059321;-0.012454;0.0;100.0;;;;;;;;;;;;;;;;;;;;;;;;;;;;;;;;;;;;;;;;;;;;;;;;;;;;;;;;;;;;;;;;;;;;;;;;;;;;;;;;;;;;;;;;;;;;;;;;;;;
2024-03-31;2024-06-30;ridge;;;0.034946;-0.024638;0.009584;0.076252;0.017298;0.003163;-0.026506;0.022359;-0.01749;0.050848;-0.003412;0.0;100.0;;;;;;;;;;;;;;;;;;;;;;;;;;;;;;;;;;;;;;;;;;;;;;;;;;;;;;;;;;;;;;;;;;;;;;;;;;;;;;;;;;;;;;;;;;;;;;;;;;;
2024-06-30;2024-09-30;ridge;;;0.035378;-0.024102;0.013763;0.076888;0.017217;0.003024;-0.026119;0.022096;-0.01947;0.048255;-0.002628;0.0;100.0;;;;;;;;;;;;;;;;;;;;;;;;;;;;;;;;;;;;;;;;;;;;;;;;;;;;;;;;;;;;;;;;;;;;;;;;;;;;;;;;;;;;;;;;;;;;;;;;;;;
2024-09-30;2024-12-31;ridge;;;0.035381;-0.021386;0.017128;0.061381;0.016266;0.003388;-0.026296;0.022543;-0.019972;0.039097;-0.002766;0.0;100.0;;;;;;;;;;;;;;;;;;;;;;;;;;;;;;;;;;;;;;;;;;;;;;;;;;;;;;;;;;;;;;;;;;;;;;;;;;;;;;;;;;;;;;;;;;;;;;;;;;;
2024-12-31;2025-03-31;ridge;;;0.034561;-0.02217;0.016463;0.042536;0.022089;0.002896;-0.009419;0.025665;-0.020692;0.039886;0.000936;0.0;100.0;;;;;;;;;;;;;;;;;;;;;;;;;;;;;;;;;;;;;;;;;;;;;;;;;;;;;;;;;;;;;;;;;;;;;;;;;;;;;;;;;;;;;;;;;;;;;;;;;;;
2025-03-31;2025-06-30;ridge;;;0.049064;-0.021068;0.018332;0.047192;0.033927;-0.002225;-0.004687;0.028321;-0.020778;0.00022;0.001488;0.0;100.0;;;;;;;;;;;;;;;;;;;;;;;;;;;;;;;;;;;;;;;;;;;;;;;;;;;;;;;;;;;;;;;;;;;;;;;;;;;;;;;;;;;;;;;;;;;;;;;;;;;
2025-06-30;2025-09-30;ridge;;;0.051264;-0.021029;0.017761;0.04338;0.039416;-0.002233;-0.007592;0.027363;-0.020812;0.001926;0.003106;0.0;100.0;;;;;;;;;;;;;;;;;;;;;;;;;;;;;;;;;;;;;;;;;;;;;;;;;;;;;;;;;;;;;;;;;;;;;;;;;;;;;;;;;;;;;;;;;;;;;;;;;;;
2018-09-30;2018-12-31;lasso;;;0.013299;-0.0;0.0;0.0;0.0;-0.0;0.0;0.0;0.0;-0.0;0.0;0.0;0.1;;;;;;;;;;;;;;;;;;;;;;;;;;;;;;;;;;;;;;;;;;;;;;;;;;;;;;;;;;;;;;;;;;;;;;;;;;;;;;;;;;;;;;;;;;;;;;;;;;;
2018-12-31;2019-03-31;lasso;;;0.025359;-0.0;0.0;0.0;0.0;0.0;0.0;0.0;0.0;-0.0;-0.0;0.0;0.1;;;;;;;;;;;;;;;;;;;;;;;;;;;;;;;;;;;;;;;;;;;;;;;;;;;;;;;;;;;;;;;;;;;;;;;;;;;;;;;;;;;;;;;;;;;;;;;;;;;
2019-03-31;2019-06-30;lasso;;;0.028102;-0.0;0.0;0.0;0.0;0.0;0.0;0.0;0.0;-0.0;-0.0;0.0;0.1;;;;;;;;;;;;;;;;;;;;;;;;;;;;;;;;;;;;;;;;;;;;;;;;;;;;;;;;;;;;;;;;;;;;;;;;;;;;;;;;;;;;;;;;;;;;;;;;;;;
2019-06-30;2019-09-30;lasso;;;0.031246;-0.0;0.0;0.0;0.0;0.0;0.0;0.0;0.0;-0.0;-0.0;0.0;0.1;;;;;;;;;;;;;;;;;;;;;;;;;;;;;;;;;;;;;;;;;;;;;;;;;;;;;;;;;;;;;;;;;;;;;;;;;;;;;;;;;;;;;;;;;;;;;;;;;;;
2019-09-30;2019-12-31;lasso;;;0.033209;-0.0;0.0;0.0;0.0;0.0;0.0;0.0;0.0;-0.0;-0.0;0.0;0.1;;;;;;;;;;;;;;;;;;;;;;;;;;;;;;;;;;;;;;;;;;;;;;;;;;;;;;;;;;;;;;;;;;;;;;;;;;;;;;;;;;;;;;;;;;;;;;;;;;;
2019-12-31;2020-03-31;lasso;;;0.019476;-0.014493;0.058153;0.032003;0.008797;0.007906;0.096859;0.01081;-0.042082;-0.112117;0.014019;0.0;1e-05;;;;;;;;;;;;;;;;;;;;;;;;;;;;;;;;;;;;;;;;;;;;;;;;;;;;;;;;;;;;;;;;;;;;;;;;;;;;;;;;;;;;;;;;;;;;;;;;;;;
2020-03-31;2020-06-30;lasso;;;0.0046;-0.019389;0.055033;0.043675;0.015058;0.004478;0.111808;0.014079;-0.042079;-0.048635;0.017647;0.0;1e-05;;;;;;;;;;;;;;;;;;;;;;;;;;;;;;;;;;;;;;;;;;;;;;;;;;;;;;;;;;;;;;;;;;;;;;;;;;;;;;;;;;;;;;;;;;;;;;;;;;;
2020-06-30;2020-09-30;lasso;;;0.015141;-0.020804;0.04076;0.026501;0.039949;0.002488;0.087852;0.016112;-0.0;-0.02049;0.012612;0.0;0.0001;;;;;;;;;;;;;;;;;;;;;;;;;;;;;;;;;;;;;;;;;;;;;;;;;;;;;;;;;;;;;;;;;;;;;;;;;;;;;;;;;;;;;;;;;;;;;;;;;;;
2020-09-30;2020-12-31;lasso;;;0.037124;-0.0;0.0;0.0;0.025719;0.0;0.006224;0.0;0.0;0.0;0.0;0.0;0.01;;;;;;;;;;;;;;;;;;;;;;;;;;;;;;;;;;;;;;;;;;;;;;;;;;;;;;;;;;;;;;;;;;;;;;;;;;;;;;;;;;;;;;;;;;;;;;;;;;;
2020-12-31;2021-03-31;lasso;;;0.037897;-0.0;0.0;0.0;0.023435;0.0;0.0;0.0;0.0;0.0;0.0;0.0;0.01;;;;;;;;;;;;;;;;;;;;;;;;;;;;;;;;;;;;;;;;;;;;;;;;;;;;;;;;;;;;;;;;;;;;;;;;;;;;;;;;;;;;;;;;;;;;;;;;;;;
2021-03-31;2021-06-30;lasso;;;0.041613;-0.0;0.0;0.0;0.021413;0.0;0.004681;0.0;0.0;0.0;0.0;0.0;0.01;;;;;;;;;;;;;;;;;;;;;;;;;;;;;;;;;;;;;;;;;;;;;;;;;;;;;;;;;;;;;;;;;;;;;;;;;;;;;;;;;;;;;;;;;;;;;;;;;;;
2021-06-30;2021-09-30;lasso;;;0.042258;-0.0;0.0;0.0;0.020843;0.0;0.009355;0.0;-0.0;0.0;0.0;0.0;0.01;;;;;;;;;;;;;;;;;;;;;;;;;;;;;;;;;;;;;;;;;;;;;;;;;;;;;;;;;;;;;;;;;;;;;;;;;;;;;;;;;;;;;;;;;;;;;;;;;;;
2021-09-30;2021-12-31;lasso;;;0.044801;-0.0;0.0;0.0;0.0;0.0;0.0;0.0;-0.0;0.0;0.0;0.0;0.1;;;;;;;;;;;;;;;;;;;;;;;;;;;;;;;;;;;;;;;;;;;;;;;;;;;;;;;;;;;;;;;;;;;;;;;;;;;;;;;;;;;;;;;;;;;;;;;;;;;
2021-12-31;2022-03-31;lasso;;;0.036132;-0.0;0.0;-0.0;0.0;0.0;0.0;0.0;-0.0;0.0;0.0;0.0;0.1;;;;;;;;;;;;;;;;;;;;;;;;;;;;;;;;;;;;;;;;;;;;;;;;;;;;;;;;;;;;;;;;;;;;;;;;;;;;;;;;;;;;;;;;;;;;;;;;;;;
2022-03-31;2022-06-30;lasso;;;0.032487;-0.0;0.0;-0.0;0.0;0.0;0.0;0.0;-0.0;0.0;0.0;0.0;0.1;;;;;;;;;;;;;;;;;;;;;;;;;;;;;;;;;;;;;;;;;;;;;;;;;;;;;;;;;;;;;;;;;;;;;;;;;;;;;;;;;;;;;;;;;;;;;;;;;;;
2022-06-30;2022-09-30;lasso;;;0.026236;-0.0;0.0;-0.0;-0.0;0.0;0.0;0.0;-0.0;0.0;0.0;0.0;0.1;;;;;;;;;;;;;;;;;;;;;;;;;;;;;;;;;;;;;;;;;;;;;;;;;;;;;;;;;;;;;;;;;;;;;;;;;;;;;;;;;;;;;;;;;;;;;;;;;;;
2022-09-30;2022-12-31;lasso;;;0.033609;-0.0;0.0;0.0;0.0;0.0;0.0;0.0;-0.0;0.0;0.0;0.0;0.1;;;;;;;;;;;;;;;;;;;;;;;;;;;;;;;;;;;;;;;;;;;;;;;;;;;;;;;;;;;;;;;;;;;;;;;;;;;;;;;;;;;;;;;;;;;;;;;;;;;
2022-12-31;2023-03-31;lasso;;;0.04554;-0.0;0.0;0.0;0.0;0.0;0.0;0.0;-0.0;0.0;-0.0;0.0;0.1;;;;;;;;;;;;;;;;;;;;;;;;;;;;;;;;;;;;;;;;;;;;;;;;;;;;;;;;;;;;;;;;;;;;;;;;;;;;;;;;;;;;;;;;;;;;;;;;;;;
2023-03-31;2023-06-30;lasso;;;0.012536;-0.025834;0.063958;0.047947;-0.006452;-0.005497;0.040665;0.065714;-0.090495;0.081416;0.006748;0.0;1e-05;;;;;;;;;;;;;;;;;;;;;;;;;;;;;;;;;;;;;;;;;;;;;;;;;;;;;;;;;;;;;;;;;;;;;;;;;;;;;;;;;;;;;;;;;;;;;;;;;;;
2023-06-30;2023-09-30;lasso;;;0.026005;-0.028191;0.023432;0.095999;-0.038093;-0.006047;0.034603;0.099935;-0.054253;0.140037;-0.013376;0.0;1e-05;;;;;;;;;;;;;;;;;;;;;;;;;;;;;;;;;;;;;;;;;;;;;;;;;;;;;;;;;;;;;;;;;;;;;;;;;;;;;;;;;;;;;;;;;;;;;;;;;;;
2023-09-30;2023-12-31;lasso;;;0.049368;-0.007154;0.0;0.052961;0.019362;0.0;-0.0;0.0;-0.0;0.0;0.0;0.0;0.01;;;;;;;;;;;;;;;;;;;;;;;;;;;;;;;;;;;;;;;;;;;;;;;;;;;;;;;;;;;;;;;;;;;;;;;;;;;;;;;;;;;;;;;;;;;;;;;;;;;
2023-12-31;2024-03-31;lasso;;;0.064216;-0.0;0.0;0.0;0.0;0.0;-0.0;0.0;0.0;0.0;-0.0;0.0;0.1;;;;;;;;;;;;;;;;;;;;;;;;;;;;;;;;;;;;;;;;;;;;;;;;;;;;;;;;;;;;;;;;;;;;;;;;;;;;;;;;;;;;;;;;;;;;;;;;;;;
2024-03-31;2024-06-30;lasso;;;0.039027;-0.005907;0.0;0.056413;0.0199;0.0;-0.0;0.0;-0.0;0.0;0.0;0.0;0.01;;;;;;;;;;;;;;;;;;;;;;;;;;;;;;;;;;;;;;;;;;;;;;;;;;;;;;;;;;;;;;;;;;;;;;;;;;;;;;;;;;;;;;;;;;;;;;;;;;;
2024-06-30;2024-09-30;lasso;;;0.038764;-0.005454;0.0;0.059249;0.01907;0.0;-0.0;0.0;-0.0;0.0;0.0;0.0;0.01;;;;;;;;;;;;;;;;;;;;;;;;;;;;;;;;;;;;;;;;;;;;;;;;;;;;;;;;;;;;;;;;;;;;;;;;;;;;;;;;;;;;;;;;;;;;;;;;;;;
2024-09-30;2024-12-31;lasso;;;0.03892;-0.001964;0.0;0.050896;0.016961;0.0;-0.0;0.0;-0.0;0.0;0.0;0.0;0.01;;;;;;;;;;;;;;;;;;;;;;;;;;;;;;;;;;;;;;;;;;;;;;;;;;;;;;;;;;;;;;;;;;;;;;;;;;;;;;;;;;;;;;;;;;;;;;;;;;;
2024-12-31;2025-03-31;lasso;;;0.050787;-0.0;0.0;0.0;0.0;0.0;0.0;0.0;0.0;0.0;-0.0;0.0;0.1;;;;;;;;;;;;;;;;;;;;;;;;;;;;;;;;;;;;;;;;;;;;;;;;;;;;;;;;;;;;;;;;;;;;;;;;;;;;;;;;;;;;;;;;;;;;;;;;;;;
2025-03-31;2025-06-30;lasso;;;0.046012;-0.0;0.0;0.0;0.0;0.0;0.0;0.0;-0.0;0.000296;0.0;0.0;0.1;;;;;;;;;;;;;;;;;;;;;;;;;;;;;;;;;;;;;;;;;;;;;;;;;;;;;;;;;;;;;;;;;;;;;;;;;;;;;;;;;;;;;;;;;;;;;;;;;;;
2025-06-30;2025-09-30;lasso;;;0.035835;-0.0;0.0;0.036651;0.033255;0.0;-0.0;0.0;-0.0;0.002573;0.0;0.0;0.01;;;;;;;;;;;;;;;;;;;;;;;;;;;;;;;;;;;;;;;;;;;;;;;;;;;;;;;;;;;;;;;;;;;;;;;;;;;;;;;;;;;;;;;;;;;;;;;;;;;
2018-09-30;2018-12-31;elastic_net;;;0.013299;-0.0;0.0;0.0;0.0;-0.0;0.0;0.0;0.0;-0.0;0.0;0.0;0.1;0.5;;;;;;;;;;;;;;;;;;;;;;;;;;;;;;;;;;;;;;;;;;;;;;;;;;;;;;;;;;;;;;;;;;;;;;;;;;;;;;;;;;;;;;;;;;;;;;;;;;
2018-12-31;2019-03-31;elastic_net;;;0.025359;-0.0;0.0;0.0;0.0;0.0;0.0;0.0;0.0;-0.0;-0.0;0.0;0.1;0.5;;;;;;;;;;;;;;;;;;;;;;;;;;;;;;;;;;;;;;;;;;;;;;;;;;;;;;;;;;;;;;;;;;;;;;;;;;;;;;;;;;;;;;;;;;;;;;;;;;
2019-03-31;2019-06-30;elastic_net;;;0.028102;-0.0;0.0;0.0;0.0;0.0;0.0;0.0;0.0;-0.0;-0.0;0.0;0.1;0.5;;;;;;;;;;;;;;;;;;;;;;;;;;;;;;;;;;;;;;;;;;;;;;;;;;;;;;;;;;;;;;;;;;;;;;;;;;;;;;;;;;;;;;;;;;;;;;;;;;
2019-06-30;2019-09-30;elastic_net;;;0.031246;-0.0;0.0;0.0;0.0;0.0;0.0;0.0;0.0;-0.0;-0.0;0.0;0.1;0.5;;;;;;;;;;;;;;;;;;;;;;;;;;;;;;;;;;;;;;;;;;;;;;;;;;;;;;;;;;;;;;;;;;;;;;;;;;;;;;;;;;;;;;;;;;;;;;;;;;
2019-09-30;2019-12-31;elastic_net;;;0.033209;-0.0;0.0;0.0;0.0;0.0;0.0;0.0;0.0;-0.0;-0.0;0.0;0.1;0.5;;;;;;;;;;;;;;;;;;;;;;;;;;;;;;;;;;;;;;;;;;;;;;;;;;;;;;;;;;;;;;;;;;;;;;;;;;;;;;;;;;;;;;;;;;;;;;;;;;
2019-12-31;2020-03-31;elastic_net;;;0.019473;-0.014477;0.059128;0.031998;0.008785;0.007994;0.097023;0.010878;-0.045058;-0.112858;0.014086;0.0;1e-05;0.2;;;;;;;;;;;;;;;;;;;;;;;;;;;;;;;;;;;;;;;;;;;;;;;;;;;;;;;;;;;;;;;;;;;;;;;;;;;;;;;;;;;;;;;;;;;;;;;;;;
2020-03-31;2020-06-30;elastic_net;;;0.004591;-0.019373;0.056096;0.043699;0.015021;0.004576;0.111891;0.01413;-0.045409;-0.049247;0.017694;0.0;1e-05;0.2;;;;;;;;;;;;;;;;;;;;;;;;;;;;;;;;;;;;;;;;;;;;;;;;;;;;;;;;;;;;;;;;;;;;;;;;;;;;;;;;;;;;;;;;;;;;;;;;;;
2020-06-30;2020-09-30;elastic_net;;;0.015691;-0.020311;0.019686;0.025543;0.041065;0.0;0.083409;0.013959;-0.0;-0.0;0.009956;0.0;0.001;0.5;;;;;;;;;;;;;;;;;;;;;;;;;;;;;;;;;;;;;;;;;;;;;;;;;;;;;;;;;;;;;;;;;;;;;;;;;;;;;;;;;;;;;;;;;;;;;;;;;;
2020-09-30;2020-12-31;elastic_net;;;0.034143;-0.0;0.0;0.002295;0.028576;0.0;0.023047;0.0;0.0;0.0;0.0;0.0;0.01;0.8;;;;;;;;;;;;;;;;;;;;;;;;;;;;;;;;;;;;;;;;;;;;;;;;;;;;;;;;;;;;;;;;;;;;;;;;;;;;;;;;;;;;;;;;;;;;;;;;;;
2020-12-31;2021-03-31;elastic_net;;;0.035057;-0.0;0.0;0.001984;0.023236;0.0;0.013915;0.0;-0.0;0.0;0.0;0.0;0.01;0.8;;;;;;;;;;;;;;;;;;;;;;;;;;;;;;;;;;;;;;;;;;;;;;;;;;;;;;;;;;;;;;;;;;;;;;;;;;;;;;;;;;;;;;;;;;;;;;;;;;
2021-03-31;2021-06-30;elastic_net;;;0.039169;-0.0;0.0;0.000163;0.023065;0.0;0.014793;0.0;0.0;0.0;0.0;0.0;0.01;0.8;;;;;;;;;;;;;;;;;;;;;;;;;;;;;;;;;;;;;;;;;;;;;;;;;;;;;;;;;;;;;;;;;;;;;;;;;;;;;;;;;;;;;;;;;;;;;;;;;;
2021-06-30;2021-09-30;elastic_net;;;0.039736;-0.0;0.0;0.0;0.022679;0.0;0.018019;0.0;-0.0;0.0;0.0;0.0;0.01;0.8;;;;;;;;;;;;;;;;;;;;;;;;;;;;;;;;;;;;;;;;;;;;;;;;;;;;;;;;;;;;;;;;;;;;;;;;;;;;;;;;;;;;;;;;;;;;;;;;;;
2021-09-30;2021-12-31;elastic_net;;;0.044801;-0.0;0.0;0.0;0.0;0.0;0.0;0.0;-0.0;0.0;0.0;0.0;0.1;0.2;;;;;;;;;;;;;;;;;;;;;;;;;;;;;;;;;;;;;;;;;;;;;;;;;;;;;;;;;;;;;;;;;;;;;;;;;;;;;;;;;;;;;;;;;;;;;;;;;;
2021-12-31;2022-03-31;elastic_net;;;0.036132;-0.0;0.0;-0.0;0.0;0.0;0.0;0.0;-0.0;0.0;0.0;0.0;0.1;0.2;;;;;;;;;;;;;;;;;;;;;;;;;;;;;;;;;;;;;;;;;;;;;;;;;;;;;;;;;;;;;;;;;;;;;;;;;;;;;;;;;;;;;;;;;;;;;;;;;;
2022-03-31;2022-06-30;elastic_net;;;0.032487;-0.0;0.0;-0.0;0.0;0.0;0.0;0.0;-0.0;0.0;0.0;0.0;0.1;0.2;;;;;;;;;;;;;;;;;;;;;;;;;;;;;;;;;;;;;;;;;;;;;;;;;;;;;;;;;;;;;;;;;;;;;;;;;;;;;;;;;;;;;;;;;;;;;;;;;;
2022-06-30;2022-09-30;elastic_net;;;0.026236;-0.0;0.0;-0.0;-0.0;0.0;0.0;0.0;-0.0;0.0;0.0;0.0;0.1;0.2;;;;;;;;;;;;;;;;;;;;;;;;;;;;;;;;;;;;;;;;;;;;;;;;;;;;;;;;;;;;;;;;;;;;;;;;;;;;;;;;;;;;;;;;;;;;;;;;;;
2022-09-30;2022-12-31;elastic_net;;;0.033609;-0.0;0.0;0.0;0.0;0.0;0.0;0.0;-0.0;0.0;0.0;0.0;0.1;0.2;;;;;;;;;;;;;;;;;;;;;;;;;;;;;;;;;;;;;;;;;;;;;;;;;;;;;;;;;;;;;;;;;;;;;;;;;;;;;;;;;;;;;;;;;;;;;;;;;;
2022-12-31;2023-03-31;elastic_net;;;0.03773;-0.0;0.0;0.002728;0.014462;0.0;0.0;0.0;-0.0;0.0;0.0;0.0;0.1;0.2;;;;;;;;;;;;;;;;;;;;;;;;;;;;;;;;;;;;;;;;;;;;;;;;;;;;;;;;;;;;;;;;;;;;;;;;;;;;;;;;;;;;;;;;;;;;;;;;;;
2023-03-31;2023-06-30;elastic_net;;;0.012508;-0.025889;0.065076;0.04798;-0.006498;-0.00564;0.04076;0.065805;-0.092027;0.081873;0.006796;0.0;1e-05;0.2;;;;;;;;;;;;;;;;;;;;;;;;;;;;;;;;;;;;;;;;;;;;;;;;;;;;;;;;;;;;;;;;;;;;;;;;;;;;;;;;;;;;;;;;;;;;;;;;;;
2023-06-30;2023-09-30;elastic_net;;;0.025948;-0.028245;0.024443;0.096042;-0.038206;-0.006184;0.034685;0.100061;-0.055709;0.140432;-0.01341;0.0;1e-05;0.2;;;;;;;;;;;;;;;;;;;;;;;;;;;;;;;;;;;;;;;;;;;;;;;;;;;;;;;;;;;;;;;;;;;;;;;;;;;;;;;;;;;;;;;;;;;;;;;;;;
2023-09-30;2023-12-31;elastic_net;;;0.050045;-0.017761;0.0;0.059495;0.020334;0.005831;-0.003704;0.0;-0.0;0.0;0.0;0.0;0.01;0.5;;;;;;;;;;;;;;;;;;;;;;;;;;;;;;;;;;;;;;;;;;;;;;;;;;;;;;;;;;;;;;;;;;;;;;;;;;;;;;;;;;;;;;;;;;;;;;;;;;
2023-12-31;2024-03-31;elastic_net;;;0.064216;-0.0;0.0;0.0;0.0;0.0;-0.0;0.0;0.0;0.0;-0.0;0.0;0.1;0.8;;;;;;;;;;;;;;;;;;;;;;;;;;;;;;;;;;;;;;;;;;;;;;;;;;;;;;;;;;;;;;;;;;;;;;;;;;;;;;;;;;;;;;;;;;;;;;;;;;
2024-03-31;2024-06-30;elastic_net;;;0.042834;-0.0;0.0;0.02546;0.021975;0.0;-0.0;0.0;0.0;0.0;-0.0;0.0;0.1;0.2;;;;;;;;;;;;;;;;;;;;;;;;;;;;;;;;;;;;;;;;;;;;;;;;;;;;;;;;;;;;;;;;;;;;;;;;;;;;;;;;;;;;;;;;;;;;;;;;;;
2024-06-30;2024-09-30;elastic_net;;;0.038392;-0.011394;0.0;0.062535;0.019216;0.0;-0.0;0.0;-0.0;0.0;0.0;0.0;0.01;0.8;;;;;;;;;;;;;;;;;;;;;;;;;;;;;;;;;;;;;;;;;;;;;;;;;;;;;;;;;;;;;;;;;;;;;;;;;;;;;;;;;;;;;;;;;;;;;;;;;;
2024-09-30;2024-12-31;elastic_net;;;0.038601;-0.007924;0.0;0.052343;0.017483;0.0;-0.0;0.0;-0.0;0.0;0.0;0.0;0.01;0.8;;;;;;;;;;;;;;;;;;;;;;;;;;;;;;;;;;;;;;;;;;;;;;;;;;;;;;;;;;;;;;;;;;;;;;;;;;;;;;;;;;;;;;;;;;;;;;;;;;
2024-12-31;2025-03-31;elastic_net;;;0.050787;-0.0;0.0;0.0;0.0;0.0;0.0;0.0;0.0;0.0;-0.0;0.0;0.1;0.8;;;;;;;;;;;;;;;;;;;;;;;;;;;;;;;;;;;;;;;;;;;;;;;;;;;;;;;;;;;;;;;;;;;;;;;;;;;;;;;;;;;;;;;;;;;;;;;;;;
2025-03-31;2025-06-30;elastic_net;;;0.045974;-0.0;0.0;0.000441;0.0;0.0;0.0;0.0;-0.0;0.000304;0.0;0.0;0.1;0.8;;;;;;;;;;;;;;;;;;;;;;;;;;;;;;;;;;;;;;;;;;;;;;;;;;;;;;;;;;;;;;;;;;;;;;;;;;;;;;;;;;;;;;;;;;;;;;;;;;
2025-06-30;2025-09-30;elastic_net;;;0.038347;-0.001809;0.0;0.039401;0.03801;0.0;-0.0;0.007936;-0.0;0.002602;0.0;0.0;0.01;0.5;;;;;;;;;;;;;;;;;;;;;;;;;;;;;;;;;;;;;;;;;;;;;;;;;;;;;;;;;;;;;;;;;;;;;;;;;;;;;;;;;;;;;;;;;;;;;;;;;;
2018-09-30;2018-12-31;rolling_ols;;;-0.004844;-0.019052;-0.004117;0.010537;-0.002814;-0.018721;0.0;0.0;0.0;0.0;-0.033025;0.0;;;4.0;;;;;;;;;;;;;;;;;;;;;;;;;;;;;;;;;;;;;;;;;;;;;;;;;;;;;;;;;;;;;;;;;;;;;;;;;;;;;;;;;;;;;;;;;;;;;;;;;
2018-12-31;2019-03-31;rolling_ols;;;-0.041442;-0.027828;0.002291;-0.033585;-0.072311;0.008186;0.186221;-0.0;0.002291;0.0;0.027028;0.0;;;4.0;;;;;;;;;;;;;;;;;;;;;;;;;;;;;;;;;;;;;;;;;;;;;;;;;;;;;;;;;;;;;;;;;;;;;;;;;;;;;;;;;;;;;;;;;;;;;;;;;
2019-03-31;2019-06-30;rolling_ols;;;0.029767;-0.018397;0.006351;-0.022851;0.020608;0.005106;0.023751;0.0;0.006351;0.0;0.027636;0.0;;;4.0;;;;;;;;;;;;;;;;;;;;;;;;;;;;;;;;;;;;;;;;;;;;;;;;;;;;;;;;;;;;;;;;;;;;;;;;;;;;;;;;;;;;;;;;;;;;;;;;;
2019-06-30;2019-09-30;rolling_ols;;;0.062636;0.0108;0.011573;-0.017247;0.018602;0.058941;0.074407;0.0;0.011573;0.0;0.027682;0.0;;;4.0;;;;;;;;;;;;;;;;;;;;;;;;;;;;;;;;;;;;;;;;;;;;;;;;;;;;;;;;;;;;;;;;;;;;;;;;;;;;;;;;;;;;;;;;;;;;;;;;;
2019-09-30;2019-12-31;rolling_ols;;;0.054668;0.016372;0.016308;-0.002934;0.012951;0.037066;0.074644;-0.0;0.016308;0.0;0.028622;0.0;;;4.0;;;;;;;;;;;;;;;;;;;;;;;;;;;;;;;;;;;;;;;;;;;;;;;;;;;;;;;;;;;;;;;;;;;;;;;;;;;;;;;;;;;;;;;;;;;;;;;;;
2019-12-31;2020-03-31;rolling_ols;;;0.019723;-0.017586;0.052345;0.04764;0.006561;0.003179;0.097944;0.010688;-0.038828;-0.107088;0.015385;0.0;;;12.0;;;;;;;;;;;;;;;;;;;;;;;;;;;;;;;;;;;;;;;;;;;;;;;;;;;;;;;;;;;;;;;;;;;;;;;;;;;;;;;;;;;;;;;;;;;;;;;;;
2020-03-31;2020-06-30;rolling_ols;;;0.021022;-0.02182;0.049382;0.028635;0.003129;0.000389;0.0842;0.073484;-0.037754;0.027458;0.014193;0.0;;;12.0;;;;;;;;;;;;;;;;;;;;;;;;;;;;;;;;;;;;;;;;;;;;;;;;;;;;;;;;;;;;;;;;;;;;;;;;;;;;;;;;;;;;;;;;;;;;;;;;;
2020-06-30;2020-09-30;rolling_ols;;;0.070406;-0.009187;0.110673;-0.001453;0.363284;0.030418;0.046382;-0.307383;-0.098865;0.017364;0.017372;0.0;;;8.0;;;;;;;;;;;;;;;;;;;;;;;;;;;;;;;;;;;;;;;;;;;;;;;;;;;;;;;;;;;;;;;;;;;;;;;;;;;;;;;;;;;;;;;;;;;;;;;;;
2020-09-30;2020-12-31;rolling_ols;;;0.024392;-0.007441;0.060293;0.007624;0.041157;0.001159;0.088715;0.025613;-0.03728;0.079531;0.021337;0.0;;;12.0;;;;;;;;;;;;;;;;;;;;;;;;;;;;;;;;;;;;;;;;;;;;;;;;;;;;;;;;;;;;;;;;;;;;;;;;;;;;;;;;;;;;;;;;;;;;;;;;;
2020-12-31;2021-03-31;rolling_ols;;;0.019622;-0.0125;0.11741;0.01596;0.017409;-0.000803;0.079025;0.062384;-0.131098;0.076058;0.023257;0.0;;;12.0;;;;;;;;;;;;;;;;;;;;;;;;;;;;;;;;;;;;;;;;;;;;;;;;;;;;;;;;;;;;;;;;;;;;;;;;;;;;;;;;;;;;;;;;;;;;;;;;;
2021-03-31;2021-06-30;rolling_ols;;;0.025674;-0.011439;0.117375;0.012254;0.016075;0.006062;0.064123;0.061834;-0.124455;0.063633;0.023266;0.0;;;12.0;;;;;;;;;;;;;;;;;;;;;;;;;;;;;;;;;;;;;;;;;;;;;;;;;;;;;;;;;;;;;;;;;;;;;;;;;;;;;;;;;;;;;;;;;;;;;;;;;
2021-06-30;2021-09-30;rolling_ols;;;0.039681;-0.003822;0.121284;0.009124;0.016288;0.011357;0.063565;0.062616;-0.158881;0.064101;0.020557;0.0;;;12.0;;;;;;;;;;;;;;;;;;;;;;;;;;;;;;;;;;;;;;;;;;;;;;;;;;;;;;;;;;;;;;;;;;;;;;;;;;;;;;;;;;;;;;;;;;;;;;;;;
2021-09-30;2021-12-31;rolling_ols;;;0.043896;-0.018276;0.119004;0.011288;0.00712;-0.010957;0.021479;0.102321;-0.184425;0.087531;0.000533;0.0;;;8.0;;;;;;;;;;;;;;;;;;;;;;;;;;;;;;;;;;;;;;;;;;;;;;;;;;;;;;;;;;;;;;;;;;;;;;;;;;;;;;;;;;;;;;;;;;;;;;;;;
2021-12-31;2022-03-31;rolling_ols;;;0.038872;-0.019163;-0.032463;0.003395;0.014858;-0.01096;0.009505;0.104746;-0.032463;0.086224;0.028116;0.0;;;8.0;;;;;;;;;;;;;;;;;;;;;;;;;;;;;;;;;;;;;;;;;;;;;;;;;;;;;;;;;;;;;;;;;;;;;;;;;;;;;;;;;;;;;;;;;;;;;;;;;
2022-03-31;2022-06-30;rolling_ols;;;-0.002794;-0.019427;-0.008809;-0.308694;-0.003033;0.00601;0.0;0.427515;-0.008809;0.107214;-0.015169;0.0;;;4.0;;;;;;;;;;;;;;;;;;;;;;;;;;;;;;;;;;;;;;;;;;;;;;;;;;;;;;;;;;;;;;;;;;;;;;;;;;;;;;;;;;;;;;;;;;;;;;;;;
2022-06-30;2022-09-30;rolling_ols;;;-0.121998;-0.031455;-0.00309;-0.117917;0.058738;0.025182;0.064996;0.016602;-0.027993;5.2e-05;-0.002005;0.0;;;4.0;;;;;;;;;;;;;;;;;;;;;;;;;;;;;;;;;;;;;;;;;;;;;;;;;;;;;;;;;;;;;;;;;;;;;;;;;;;;;;;;;;;;;;;;;;;;;;;;;
2022-09-30;2022-12-31;rolling_ols;;;0.010216;-0.026512;0.000658;-0.020396;0.012778;-0.01097;0.006703;0.011989;-0.119816;0.07358;0.039626;0.0;;;12.0;;;;;;;;;;;;;;;;;;;;;;;;;;;;;;;;;;;;;;;;;;;;;;;;;;;;;;;;;;;;;;;;;;;;;;;;;;;;;;;;;;;;;;;;;;;;;;;;;
2022-12-31;2023-03-31;rolling_ols;;;0.139571;-0.046895;0.004591;0.090592;1.002009;-0.014478;-0.00901;-1.180624;-0.002622;0.071219;-0.001393;0.0;;;8.0;;;;;;;;;;;;;;;;;;;;;;;;;;;;;;;;;;;;;;;;;;;;;;;;;;;;;;;;;;;;;;;;;;;;;;;;;;;;;;;;;;;;;;;;;;;;;;;;;
2023-03-31;2023-06-30;rolling_ols;;;0.201815;-0.075438;0.006116;0.398848;0.003062;0.021178;0.050829;0.0;-0.021495;0.021178;0.006204;0.0;;;4.0;;;;;;;;;;;;;;;;;;;;;;;;;;;;;;;;;;;;;;;;;;;;;;;;;;;;;;;;;;;;;;;;;;;;;;;;;;;;;;;;;;;;;;;;;;;;;;;;;
2023-06-30;2023-09-30;rolling_ols;;;0.418619;-0.102155;-0.015509;0.21412;0.153512;0.053623;-0.02873;-0.0;0.052591;0.053623;0.007033;0.0;;;4.0;;;;;;;;;;;;;;;;;;;;;;;;;;;;;;;;;;;;;;;;;;;;;;;;;;;;;;;;;;;;;;;;;;;;;;;;;;;;;;;;;;;;;;;;;;;;;;;;;
2023-09-30;2023-12-31;rolling_ols;;;0.365633;-0.082575;-0.021674;0.546648;-0.023116;0.046597;0.090104;0.0;0.059695;0.046597;0.011055;0.0;;;4.0;;;;;;;;;;;;;;;;;;;;;;;;;;;;;;;;;;;;;;;;;;;;;;;;;;;;;;;;;;;;;;;;;;;;;;;;;;;;;;;;;;;;;;;;;;;;;;;;;
2023-12-31;2024-03-31;rolling_ols;;;0.629787;-0.044521;-0.012976;0.766762;-0.549032;0.054865;-0.394582;0.0;0.027716;0.054865;0.002808;0.0;;;4.0;;;;;;;;;;;;;;;;;;;;;;;;;;;;;;;;;;;;;;;;;;;;;;;;;;;;;;;;;;;;;;;;;;;;;;;;;;;;;;;;;;;;;;;;;;;;;;;;;
2024-03-31;2024-06-30;rolling_ols;;;0.215828;-0.042691;-0.000555;0.363929;-0.017854;0.023397;-0.173767;0.0;0.031209;0.023397;-0.059598;0.0;;;8.0;;;;;;;;;;;;;;;;;;;;;;;;;;;;;;;;;;;;;;;;;;;;;;;;;;;;;;;;;;;;;;;;;;;;;;;;;;;;;;;;;;;;;;;;;;;;;;;;;
2024-06-30;2024-09-30;rolling_ols;;;0.172164;-0.045817;0.003936;0.221513;0.110118;0.020357;-0.203706;-0.0;0.016183;0.020357;-0.04201;0.0;;;8.0;;;;;;;;;;;;;;;;;;;;;;;;;;;;;;;;;;;;;;;;;;;;;;;;;;;;;;;;;;;;;;;;;;;;;;;;;;;;;;;;;;;;;;;;;;;;;;;;;
2024-09-30;2024-12-31;rolling_ols;;;0.055497;-0.032887;0.005636;0.315056;0.168995;0.021501;-0.282369;0.0;0.020522;0.021501;-0.024897;0.0;;;8.0;;;;;;;;;;;;;;;;;;;;;;;;;;;;;;;;;;;;;;;;;;;;;;;;;;;;;;;;;;;;;;;;;;;;;;;;;;;;;;;;;;;;;;;;;;;;;;;;;
2024-12-31;2025-03-31;rolling_ols;;;-0.095074;9.7e-05;0.03578;-0.001044;0.001698;-0.009927;0.178946;-0.0;-0.074375;-0.009927;0.037651;0.0;;;4.0;;;;;;;;;;;;;;;;;;;;;;;;;;;;;;;;;;;;;;;;;;;;;;;;;;;;;;;;;;;;;;;;;;;;;;;;;;;;;;;;;;;;;;;;;;;;;;;;;
2025-03-31;2025-06-30;rolling_ols;;;-0.088794;0.004579;0.036177;-0.065046;-0.080149;-0.008711;0.177157;0.0;-0.076017;-0.008711;0.02366;0.0;;;4.0;;;;;;;;;;;;;;;;;;;;;;;;;;;;;;;;;;;;;;;;;;;;;;;;;;;;;;;;;;;;;;;;;;;;;;;;;;;;;;;;;;;;;;;;;;;;;;;;;
2025-06-30;2025-09-30;rolling_ols;;;0.001623;0.001745;0.018883;-38919.873716;-0.133363;0.003112;0.02618;0.0;-0.058449;0.003112;0.018622;0.0;;;4.0;;;;;;;;;;;;;;;;;;;;;;;;;;;;;;;;;;;;;;;;;;;;;;;;;;;;;;;;;;;;;;;;;;;;;;;;;;;;;;;;;;;;;;;;;;;;;;;;;
2018-09-30;2018-12-31;catboost_lags_regimes;;;;9.555268;0.841172;2.005132;2.360253;10.18867;0.0;0.044225;0.0;2.924125;0.009616;0.0;;;;6.0;0.05;8.0;300.0;5.594498;1.164799;1.55494;3.287754;6.188273;0.0;0.165805;0.0;3.319477;0.045567;0.0;3.458613;4.693653;2.266393;12.833868;7.832883;0.0;0.103813;0.0;1.105339;1.739272;0.0;2.448657;2.082777;0.562114;1.200519;2.499012;0.0;0.102297;0.0;0.717968;0.116809;0.0;1.093455;0.271064;0.425519;0.880667;2.792974;0.0;0.709683;0.0;0.670527;0.142549;0.0;;;;;;;;;;;;;;;;;;;;;;;;;;;;;;;;;;;;;;;;;;;;;;;;;
2018-12-31;2019-03-31;catboost_lags_regimes;;;;7.348183;0.828054;4.573672;1.792534;9.605517;0.641803;0.512984;0.44782;3.5112;0.057541;0.0;;;;4.0;0.03;3.0;300.0;2.523611;0.200928;0.965677;1.496931;12.847388;0.0;0.139768;0.0;0.604575;0.438623;0.0;2.505538;3.489851;0.920744;24.565488;4.792067;0.0;0.03486;0.0;0.670444;0.525404;0.0;1.28893;0.878799;0.716434;1.618665;2.256594;0.0;0.0;0.0;1.137514;0.019612;0.0;0.777237;0.604106;0.390147;1.012;2.168049;0.0;0.171768;0.0;0.672774;0.246171;0.0;;;;;;;;;;;;;;;;;;;;;;;;;;;;;;;;;;;;;;;;;;;;;;;;;
2019-03-31;2019-06-30;catboost_lags_regimes;;;;7.517646;1.109892;4.165043;0.622488;9.423169;2.450621;0.50383;0.199373;2.692433;0.0;0.0;;;;4.0;0.03;3.0;300.0;2.600721;0.266042;0.994427;2.040986;11.810085;0.503451;0.329007;0.624706;1.540681;0.435021;0.0;2.728197;3.086134;2.007776;21.925089;3.432729;0.0;0.040469;0.0;0.959975;0.880138;0.0;1.39897;0.680759;0.642651;1.948944;3.776266;0.0;0.042569;0.0;0.810927;0.093006;0.0;0.940975;0.500214;0.550127;1.18185;2.10029;0.0;0.0;0.0;0.382596;0.05973;0.0;;;;;;;;;;;;;;;;;;;;;;;;;;;;;;;;;;;;;;;;;;;;;;;;;
2019-06-30;2019-09-30;catboost_lags_regimes;;;;6.20188;0.991718;2.753869;1.562032;8.986047;1.866783;0.567589;0.465078;2.431446;0.204585;0.0;;;;6.0;0.03;5.0;400.0;3.262689;0.701182;1.704917;3.505283;11.59321;0.187433;0.541622;0.459664;2.810851;0.579497;0.0;2.611587;2.791794;1.397019;14.35447;6.121933;0.065697;0.029999;0.730924;0.657363;0.947494;0.0;1.494507;0.92728;0.841921;1.670155;4.83674;0.0;0.062707;0.0;0.401828;0.048084;0.0;1.890915;0.393849;0.889305;1.450421;3.358913;0.0;0.182956;0.0;0.434459;0.030306;0.0;;;;;;;;;;;;;;;;;;;;;;;;;;;;;;;;;;;;;;;;;;;;;;;;;
2019-09-30;2019-12-31;catboost_lags_regimes;;;;5.716185;1.105151;4.298666;1.591752;8.860562;1.700529;0.465303;0.367842;2.373632;0.167199;0.0;;;;6.0;0.03;5.0;400.0;3.651288;0.621783;2.373144;2.678751;11.045575;0.106635;0.565311;0.463188;3.114942;0.244709;0.0;2.127345;3.064057;1.444846;15.758382;6.418092;0.038469;0.098054;0.508703;0.579405;1.074056;0.0;1.594584;0.744007;1.125255;1.72191;3.500476;0.018058;0.082663;0.049922;0.55201;0.01055;0.0;1.34587;0.457437;0.846029;0.93415;3.685793;0.0;0.060708;0.0;0.49204;0.154981;0.0;;;;;;;;;;;;;;;;;;;;;;;;;;;;;;;;;;;;;;;;;;;;;;;;;
2019-12-31;2020-03-31;catboost_lags_regimes;;;;5.816981;1.185704;8.669094;3.047483;8.316306;1.813015;0.581298;0.28635;2.75717;0.147749;0.0;;;;6.0;0.03;5.0;400.0;3.202318;0.629642;0.745904;2.001743;11.286196;0.130463;0.16305;0.24809;2.34797;0.400202;0.0;2.504735;2.941997;1.3763;13.321888;5.553508;0.094393;0.000261;0.633535;0.677004;0.653407;0.0;1.871679;0.809974;0.635484;1.255327;4.071932;0.011706;0.107178;0.118104;0.475241;0.25361;0.0;1.636073;0.925354;0.881343;1.198755;2.991593;0.244072;0.097659;0.452863;0.387054;0.041247;0.0;;;;;;;;;;;;;;;;;;;;;;;;;;;;;;;;;;;;;;;;;;;;;;;;;
2020-03-31;2020-06-30;catboost_lags_regimes;;;;5.403321;1.047345;4.765776;2.30042;8.623958;3.814963;0.311602;0.264801;3.021915;0.163467;0.0;;;;6.0;0.03;5.0;400.0;3.379586;0.641117;1.940005;3.584063;7.949084;0.087893;0.298475;0.328792;2.107652;0.031888;0.0;2.60699;2.701603;1.599856;15.547424;6.694142;0.057239;0.045291;0.301146;0.487684;0.837526;0.0;2.070343;0.724141;1.079817;0.987751;4.051477;0.003925;0.027321;0.033094;0.395258;0.025612;0.0;1.580676;0.821799;1.11292;1.398159;3.395913;0.231318;0.0;0.286012;0.427314;0.402128;0.0;;;;;;;;;;;;;;;;;;;;;;;;;;;;;;;;;;;;;;;;;;;;;;;;;
2020-06-30;2020-09-30;catboost_lags_regimes;;;;4.839152;0.938241;5.279914;2.286044;7.541479;2.619909;0.445761;0.189638;2.961946;0.051961;0.0;;;;6.0;0.03;5.0;400.0;3.366211;0.58161;2.029909;2.888967;8.621146;0.0736;0.044053;0.226943;2.522911;0.129135;0.0;2.656122;2.821543;1.631778;16.622049;6.543021;0.074484;0.034889;0.365135;0.324323;1.224455;0.0;2.406688;0.472892;1.681702;0.839675;3.999478;0.00564;0.018789;0.043958;0.352259;0.028998;0.0;1.935815;0.592824;1.31133;1.53766;3.484628;0.256593;0.019101;0.419893;0.515614;0.140133;0.0;;;;;;;;;;;;;;;;;;;;;;;;;;;;;;;;;;;;;;;;;;;;;;;;;
2020-09-30;2020-12-31;catboost_lags_regimes;;;;4.603032;0.802495;4.582743;1.797657;6.483206;2.372646;0.265574;0.145345;2.439808;0.110333;0.0;;;;6.0;0.05;8.0;300.0;3.506375;0.59746;4.541925;3.611578;8.625907;0.1505;0.074125;0.381332;1.98812;0.136885;0.0;2.896208;3.069634;0.696819;15.806992;6.720723;0.232104;0.02362;0.384731;0.158275;0.597613;0.0;1.595425;0.469228;1.636016;1.922436;3.568974;0.0;0.0;0.069258;0.202019;0.130672;0.0;2.004979;0.639959;1.907581;2.547158;4.072254;0.157605;0.186138;0.453245;0.538081;0.09521;0.0;;;;;;;;;;;;;;;;;;;;;;;;;;;;;;;;;;;;;;;;;;;;;;;;;
2020-12-31;2021-03-31;catboost_lags_regimes;;;;4.878911;0.846337;3.86423;4.430817;6.308692;3.232266;0.362397;0.452632;2.718968;0.052086;0.0;;;;6.0;0.03;5.0;400.0;2.913849;0.311096;4.172747;3.47355;9.047351;0.041073;0.263101;0.196727;2.209928;0.177864;0.0;2.768523;2.460133;1.450504;12.767016;5.687044;0.200712;0.035374;0.356567;0.829746;0.983594;0.0;2.843549;0.148866;1.726958;1.100588;4.044901;0.176849;0.14666;0.070552;0.398474;0.084734;0.0;1.626533;0.942738;1.326971;1.889447;4.567488;0.613889;0.045609;0.27451;0.411816;0.065036;0.0;;;;;;;;;;;;;;;;;;;;;;;;;;;;;;;;;;;;;;;;;;;;;;;;;
2021-03-31;2021-06-30;catboost_lags_regimes;;;;4.93806;0.793721;4.213182;4.18756;6.609699;3.010042;0.293428;0.347956;2.445275;0.056044;0.0;;;;6.0;0.03;5.0;400.0;3.504171;0.470483;4.015698;2.1863;8.338924;0.009956;0.020858;0.612516;2.199338;0.148861;0.0;2.790687;2.462526;1.238899;14.908299;4.686107;0.245398;0.082631;0.397833;0.525848;1.067293;0.0;2.190734;0.164579;2.876355;0.971521;3.816094;0.055149;0.039141;0.057135;0.504524;0.162024;0.0;2.501544;0.890277;1.076465;2.477771;4.369685;0.121992;0.176165;0.322889;0.331563;0.086798;0.0;;;;;;;;;;;;;;;;;;;;;;;;;;;;;;;;;;;;;;;;;;;;;;;;;
2021-06-30;2021-09-30;catboost_lags_regimes;;;;3.676673;0.301606;4.62067;8.701184;5.227626;5.456669;0.24341;0.58189;2.128465;0.022198;0.0;;;;4.0;0.03;3.0;300.0;1.923169;0.760142;3.106613;4.68703;8.012534;0.295758;0.161605;0.612604;2.632771;0.265642;0.0;2.61646;2.35752;0.215672;15.930383;4.101686;0.552921;0.250782;0.881418;0.750815;0.922326;0.0;1.668722;0.063275;1.122885;0.725054;3.773117;0.0;0.030551;0.009937;0.323699;0.022719;0.0;2.045753;0.283597;0.634977;2.497446;3.309569;0.301035;0.047444;0.566992;0.574986;0.0;0.0;;;;;;;;;;;;;;;;;;;;;;;;;;;;;;;;;;;;;;;;;;;;;;;;;
2021-09-30;2021-12-31;catboost_lags_regimes;;;;4.056759;0.392497;5.133412;7.937118;4.548864;3.046891;0.372201;0.565432;2.327231;0.10187;0.0;;;;4.0;0.03;3.0;300.0;1.684026;0.693161;3.152457;5.040007;8.298045;0.095921;0.05994;0.396285;2.381432;0.132725;0.0;2.579009;1.914137;0.595438;18.741;3.720998;0.157166;0.028002;0.673053;0.894801;1.270523;0.0;1.555502;0.155455;1.063962;0.875323;2.938972;0.058252;0.051428;0.150693;0.254787;0.164817;0.0;1.587478;0.326751;1.567214;3.675252;3.163932;0.179626;0.013323;0.407374;0.71072;0.108737;0.0;;;;;;;;;;;;;;;;;;;;;;;;;;;;;;;;;;;;;;;;;;;;;;;;;
2021-12-31;2022-03-31;catboost_lags_regimes;;;;3.163846;0.540296;2.455628;10.96832;4.654508;1.20255;0.339276;0.615041;1.941949;0.195447;0.0;;;;4.0;0.03;3.0;300.0;1.610841;0.946192;4.093112;5.057556;6.791411;0.220425;0.022259;1.289386;1.765162;0.142483;0.0;2.302993;1.968671;1.542329;16.675731;2.20515;0.176804;0.0;0.452972;0.933683;0.471316;0.0;1.201091;0.546662;2.028236;0.783559;2.294074;0.032272;0.09345;0.321843;0.172362;0.319131;0.0;1.476322;0.245626;1.60621;6.231943;3.143388;3.638332;0.099589;0.307777;0.622977;0.089816;0.0;;;;;;;;;;;;;;;;;;;;;;;;;;;;;;;;;;;;;;;;;;;;;;;;;
2022-03-31;2022-06-30;catboost_lags_regimes;;;;4.355171;1.150977;2.5826;4.329182;5.094418;1.068145;0.631903;0.957639;1.568112;0.294057;0.0;;;;6.0;0.03;5.0;400.0;2.235835;1.192587;5.722839;4.516774;6.452755;0.062782;0.032229;1.317303;1.835196;0.074192;0.0;1.482751;2.203927;2.095531;12.780575;4.118228;0.04501;0.092054;0.193474;0.638108;0.551248;0.0;1.988873;0.336887;1.659698;1.289082;3.269589;0.423228;0.14257;0.38701;0.328517;0.190353;0.0;2.868758;0.699551;2.699323;4.671913;4.084892;3.864228;0.221805;0.389715;0.772656;0.035752;0.0;;;;;;;;;;;;;;;;;;;;;;;;;;;;;;;;;;;;;;;;;;;;;;;;;
2022-06-30;2022-09-30;catboost_lags_regimes;;;;2.055124;0.178163;3.192396;5.883207;3.827048;1.431845;1.658479;1.098572;0.824615;0.096583;0.0;;;;4.0;0.03;3.0;300.0;1.524138;0.700884;6.721738;4.676169;5.962677;0.17881;0.0;0.39966;0.982636;0.0;0.0;2.017077;1.162096;1.048142;16.546461;2.796934;0.029843;0.225039;0.464494;0.792414;0.906286;0.0;1.268913;0.289544;2.43964;0.917422;2.361201;0.0;0.166922;0.14635;0.204948;0.224799;0.0;1.772871;0.153055;1.856594;9.9456;3.003209;6.761751;0.0;0.35485;0.658153;0.09265;0.0;;;;;;;;;;;;;;;;;;;;;;;;;;;;;;;;;;;;;;;;;;;;;;;;;
2022-09-30;2022-12-31;catboost_lags_regimes;;;;3.288941;1.031761;3.558795;7.617508;4.504331;1.215644;0.835969;1.146182;1.465032;0.084145;0.0;;;;6.0;0.03;5.0;400.0;2.447458;0.784243;3.772363;3.439315;6.036843;0.293178;0.850835;1.173763;1.102125;0.061502;0.0;1.300347;2.260053;1.719216;11.957359;3.494697;0.23512;1.28848;0.27539;0.5376;0.482336;0.0;1.46868;0.297293;1.803396;2.116254;2.672716;0.182901;0.133403;0.153382;0.255545;0.034996;0.0;2.124538;0.43279;1.600055;12.144538;3.2082;1.970577;0.078215;0.363442;0.608942;0.089604;0.0;;;;;;;;;;;;;;;;;;;;;;;;;;;;;;;;;;;;;;;;;;;;;;;;;
2022-12-31;2023-03-31;catboost_lags_regimes;;;;1.989642;0.199659;10.273739;12.682821;2.31005;1.646024;0.049287;0.633005;1.464773;0.053841;0.0;;;;4.0;0.03;3.0;300.0;0.823686;0.371749;5.439661;3.01217;3.855639;0.845774;0.056039;0.480028;0.954162;0.042441;0.0;2.239114;0.926623;0.519502;18.62766;1.737966;0.511216;0.204282;0.211548;0.800318;0.391914;0.0;0.70214;0.179386;2.055798;2.199144;2.184269;0.540288;0.592424;0.08529;0.875123;0.010246;0.0;1.736341;0.153938;1.161931;8.406368;1.443515;3.226964;0.088914;0.51591;0.445303;0.042372;0.0;;;;;;;;;;;;;;;;;;;;;;;;;;;;;;;;;;;;;;;;;;;;;;;;;
2023-03-31;2023-06-30;catboost_lags_regimes;;;;2.120454;0.152358;14.117349;4.557818;1.69092;1.413991;0.070763;0.445117;2.593043;0.047476;0.0;;;;4.0;0.03;3.0;300.0;0.710722;0.333803;5.71994;5.859156;4.031636;0.793781;0.056793;0.554903;2.200305;0.058358;0.0;1.409577;0.733564;0.986301;20.488545;1.734935;0.0;0.576448;0.29896;0.754133;0.419841;0.0;0.932401;0.095494;1.7294;2.468239;1.137357;0.572217;0.051511;0.10247;0.749235;0.061152;0.0;1.50897;0.057054;1.229312;8.989369;1.142149;2.756917;0.286714;0.268417;0.921303;0.00933;0.0;;;;;;;;;;;;;;;;;;;;;;;;;;;;;;;;;;;;;;;;;;;;;;;;;
2023-06-30;2023-09-30;catboost_lags_regimes;;;;2.408952;0.862223;12.599234;3.293525;2.585151;1.081356;0.014573;0.233666;2.206085;0.049904;0.0;;;;6.0;0.05;8.0;300.0;1.300604;0.702968;10.627478;2.319824;3.411359;1.070336;0.027912;0.480409;2.031021;0.0;0.0;1.729793;1.533989;1.942637;13.803565;2.562556;0.206965;0.333856;1.210564;1.370303;0.735696;0.0;1.216431;0.341392;0.764896;3.471948;1.638425;0.215507;0.030733;0.074696;1.488487;0.252112;0.0;2.241121;0.623866;0.952723;4.512103;2.145417;4.753091;0.168625;0.249524;1.024863;1.097538;0.0;;;;;;;;;;;;;;;;;;;;;;;;;;;;;;;;;;;;;;;;;;;;;;;;;
2023-09-30;2023-12-31;catboost_lags_regimes;;;;2.045852;0.847264;16.016999;3.529941;2.460137;0.945929;0.486134;0.343593;1.800804;0.036265;0.0;;;;6.0;0.03;5.0;400.0;1.034766;0.775657;2.527507;1.826035;3.063431;0.440932;0.222235;0.521359;1.546735;0.035853;0.0;1.176084;1.54623;1.785075;24.457971;1.891463;0.430112;0.171869;1.295848;0.736683;0.34894;0.0;1.41865;0.339475;1.17442;1.922449;1.874929;0.537544;0.622292;0.107059;1.101064;0.07403;0.0;1.903404;0.652964;0.930159;6.353112;1.72878;2.620012;0.223641;0.223422;1.08435;0.760539;0.0;;;;;;;;;;;;;;;;;;;;;;;;;;;;;;;;;;;;;;;;;;;;;;;;;
2023-12-31;2024-03-31;catboost_lags_regimes;;;;2.305208;0.851004;15.451427;3.145777;2.907749;0.736982;0.166907;0.407087;2.363684;0.096727;0.0;;;;6.0;0.03;5.0;400.0;1.038938;0.617318;4.264644;3.701853;2.867504;0.996132;0.051891;0.492248;1.70647;0.057408;0.0;1.514665;1.378454;1.318883;21.158751;1.876232;0.90126;0.068319;1.25543;0.684244;0.414767;0.0;1.253171;0.367787;1.141001;3.194668;1.836419;1.293379;0.06793;0.17141;1.128045;0.119185;0.0;1.360253;0.702997;1.176971;5.08514;1.765283;1.912327;0.356159;0.285076;1.330245;0.654593;0.0;;;;;;;;;;;;;;;;;;;;;;;;;;;;;;;;;;;;;;;;;;;;;;;;;
2024-03-31;2024-06-30;catboost_lags_regimes;;;;2.319807;0.99997;19.404949;4.454488;2.131671;1.203267;0.04548;0.386225;2.06491;0.177013;0.0;;;;6.0;0.03;5.0;400.0;1.049673;0.707609;3.521112;3.612887;2.976533;1.200707;0.024605;0.471793;1.681911;0.059103;0.0;1.28333;1.25299;2.339928;16.084139;1.807832;1.16564;0.031635;1.164574;0.980654;0.394682;0.0;1.521682;0.574175;0.824824;2.473522;1.868048;1.569819;0.057977;0.113674;0.972934;0.225627;0.0;1.377042;0.71061;0.805615;6.114621;2.162757;1.601873;0.199956;0.22932;0.941444;0.655364;0.0;;;;;;;;;;;;;;;;;;;;;;;;;;;;;;;;;;;;;;;;;;;;;;;;;
2024-06-30;2024-09-30;catboost_lags_regimes;;;;0.995755;0.280458;27.35159;4.841822;1.740567;0.464729;0.0;0.07786;1.519113;0.042278;0.0;;;;4.0;0.03;3.0;300.0;0.411999;0.263324;3.689394;2.610483;2.433772;1.247932;0.018577;0.241545;1.027005;0.09529;0.0;1.12991;0.564053;1.449947;20.86007;0.825989;0.14214;0.096016;0.674805;0.739631;0.180352;0.0;0.615701;0.160386;0.742665;3.308791;1.13531;1.566849;0.007862;0.116555;1.760619;0.0;0.0;1.089709;0.492596;0.682587;7.201385;1.077636;2.061664;0.20128;0.106755;1.110128;0.545119;0.0;;;;;;;;;;;;;;;;;;;;;;;;;;;;;;;;;;;;;;;;;;;;;;;;;
2024-09-30;2024-12-31;catboost_lags_regimes;;;;1.446503;0.3647;29.212614;2.905285;2.166205;0.275992;0.0;0.108437;1.555491;0.037453;0.0;;;;4.0;0.03;3.0;300.0;0.3741;0.231724;5.119777;2.977271;2.230817;0.471461;0.012487;0.140802;1.223391;0.007643;0.0;0.930575;0.491147;1.106725;21.626752;1.334662;0.148146;0.043251;0.822999;0.449125;0.15808;0.0;0.468925;0.127092;0.647889;4.680067;0.91642;0.577071;0.24928;0.032893;1.312439;0.479279;0.0;0.781486;0.230809;1.18925;5.024682;0.721263;2.195507;0.362771;0.222061;1.173891;0.633306;0.0;;;;;;;;;;;;;;;;;;;;;;;;;;;;;;;;;;;;;;;;;;;;;;;;;
2024-12-31;2025-03-31;catboost_lags_regimes;;;;1.994152;1.063502;18.70411;3.649686;2.211561;2.121867;0.318399;0.644372;1.209188;0.049078;0.0;;;;6.0;0.05;8.0;300.0;0.905878;0.535102;2.696403;2.491525;2.668885;2.072475;0.149865;0.485138;1.183143;0.195039;0.0;1.49364;1.180118;1.427192;17.287646;1.793192;0.270755;0.009885;1.006114;0.69727;0.368987;0.0;1.339518;0.529179;1.586247;3.027342;1.761259;0.725767;0.549172;0.134107;1.128044;0.281559;0.0;1.259521;0.778085;1.992513;4.442791;1.90218;5.058432;0.447024;0.2859;1.135497;0.751698;0.0;;;;;;;;;;;;;;;;;;;;;;;;;;;;;;;;;;;;;;;;;;;;;;;;;
2025-03-31;2025-06-30;catboost_lags_regimes;;;;1.598788;1.027243;22.690926;2.164208;1.954887;4.051714;0.060969;0.467755;1.729346;0.141187;0.0;;;;6.0;0.05;8.0;300.0;0.928474;0.637252;2.812124;2.413946;3.091438;1.02178;0.03667;0.486485;1.358399;0.059683;0.0;1.655968;1.237;2.41161;15.65266;1.433685;0.08788;0.064122;0.950322;0.642171;0.249198;0.0;1.235372;0.430275;1.506176;4.849327;1.784144;0.391509;0.019858;0.088226;1.077929;0.278131;0.0;1.491249;0.697643;0.636537;4.561432;1.873064;4.103877;0.122833;0.300635;0.815069;0.618823;0.0;;;;;;;;;;;;;;;;;;;;;;;;;;;;;;;;;;;;;;;;;;;;;;;;;
2025-06-30;2025-09-30;catboost_lags_regimes;;;;1.225584;0.460221;27.692294;3.38862;2.315423;2.549754;0.017927;0.123558;1.11016;0.041781;0.0;;;;4.0;0.03;3.0;300.0;0.401556;0.215982;3.392338;2.534161;2.741487;0.513879;0.0;0.1278;0.769725;0.0;0.0;0.833558;0.457191;1.319694;22.659076;1.022505;0.069349;0.0;0.721678;0.621317;0.098492;0.0;0.442496;0.20862;1.523226;5.021079;0.769786;1.02503;0.0;0.016027;1.052098;0.431731;0.0;0.868177;0.297418;1.537058;4.761282;0.718982;2.431283;0.0;0.155042;0.840402;0.475153;0.0;;;;;;;;;;;;;;;;;;;;;;;;;;;;;;;;;;;;;;;;;;;;;;;;;
2018-09-30;2018-12-31;patchtst_global;;;;;;;;;;;;;;;;;;;;;;0.011585;0.0;0.027332;0.039385;0.041399;0.0;0.0;0.0;0.0;0.0;0.0;0.028608;0.0;0.00066;0.024828;0.034489;0.0;0.0;0.0;0.0;0.0;0.0;0.024266;8.4e-05;0.065547;0.005317;0.038326;0.0;0.0;0.0;0.0;0.000153;0.0;0.024933;0.00899;0.0;0.004652;0.014385;0.0;0.0;0.0;0.0;0.095249;0.0;64.0;2.0;0.1;0.001;0.0001;0.009516;4.6e-05;0.041824;0.005924;0.020498;0.0;0.060364;0.0;0.015551;0.000912;0.0;0.015671;0.0;0.018581;0.012592;0.009277;0.0;0.19047;0.0;0.017198;0.0;0.0;0.016085;0.0;0.000888;0.018667;0.054396;0.0;0.001746;0.0;0.000403;0.0;0.0;0.024796;0.007594;0.0;0.021026;0.026592;0.048303;0.0;0.008357;0.0;0.070982;0.0
2018-12-31;2019-03-31;patchtst_global;;;;;;;;;;;;;;;;;;;;;;0.011149;0.00349;0.0;0.00394;0.010448;0.025985;0.0;0.004749;0.0;0.014462;0.0;0.01228;0.0;0.082725;0.034904;0.024918;0.0;0.0;0.0;0.0;0.0;0.0;0.019373;0.0;0.000519;0.018052;0.013698;0.0;0.0;0.0;0.0;1e-05;0.0;0.008471;6.3e-05;0.116632;0.000214;0.031719;0.0;0.0;0.0;0.0;9.3e-05;0.0;96.0;3.0;0.1;0.0007;0.0001;0.018659;4.5e-05;0.019944;0.01411;0.010018;0.0;0.03064;0.0;0.013765;0.000158;0.0;0.007348;0.0;0.000668;0.012563;0.015602;0.0;0.000645;0.0;0.000106;0.0;0.0;0.015257;0.003954;6e-05;0.006895;0.019789;0.0;0.000719;0.0;0.000332;0.036708;0.0;0.013651;0.0;0.045248;0.014266;0.01354;0.0;0.0;0.0;0.0;0.0;0.0
2019-03-31;2019-06-30;patchtst_global;;;;;;;;;;;;;;;;;;;;;;0.008365;0.0;0.014065;0.004802;0.011573;0.0;0.0;0.0;0.0;0.0;0.0;0.0035;0.004055;0.0;0.002224;0.008144;0.021076;0.0;0.006088;0.0;0.029831;0.0;0.007545;0.0;0.016333;0.008309;0.013076;0.0;0.0;0.0;0.0;0.0;0.0;0.00838;1e-06;0.000837;0.011284;0.011321;0.0;0.0;0.0;0.0;8.8e-05;0.0;64.0;2.0;0.1;0.001;0.0001;0.008354;0.0;0.000764;0.011638;0.005818;0.0;0.00057;0.0;0.000153;0.0;0.0;0.004974;0.003301;0.000267;0.002738;0.007131;0.0;0.000224;0.0;2.4e-05;0.017237;0.0;0.011464;7.4e-05;0.023903;0.000167;0.017015;0.0;0.0;0.0;0.0;0.000101;0.0;0.006433;0.0;0.016387;0.00567;0.007986;0.0;0.0;0.0;0.0;0.0;0.0
2019-06-30;2019-09-30;patchtst_global;;;;;;;;;;;;;;;;;;;;;;0.005838;0.0;0.005207;0.001793;0.004621;0.0;0.0;0.0;0.0;0.0;0.0;0.005208;0.0;0.007565;0.002806;0.004744;0.0;0.0;0.0;0.0;0.0;0.0;0.004379;0.003889;0.0;0.000846;0.004941;0.016061;0.0;0.001768;0.0;0.006962;0.0;0.006406;0.0;0.008141;0.004331;0.003838;0.0;0.0;0.0;0.0;0.0;0.0;64.0;2.0;0.1;0.001;0.0001;0.008017;0.001571;0.000133;0.002137;0.003049;0.0;7.5e-05;0.0;2.6e-05;0.007695;0.0;0.002531;3.3e-05;0.005793;7.2e-05;0.002403;0.0;0.0;0.0;0.0;0.000139;0.0;0.006329;9e-06;0.000454;0.008386;0.006028;0.0;0.0;0.0;0.0;0.00022;0.0;0.004899;0.0;0.008314;0.004787;0.003787;0.0;0.0;0.0;0.0;0.0;0.0
2019-09-30;2019-12-31;patchtst_global;;;;;;;;;;;;;;;;;;;;;;0.004157;0.0;0.006364;0.002391;0.007908;0.0;0.0;0.0;0.0;0.0;0.0;0.004826;0.0;0.009572;0.000891;0.006942;0.0;0.0;0.0;0.0;0.0;0.0;0.004191;0.0;0.007138;0.002024;0.008067;0.0;0.0;0.0;0.0;0.0;0.0;0.003485;0.003772;0.0;1.1e-05;0.009038;0.013;0.0;0.002842;0.0;0.012176;0.0;64.0;2.0;0.1;0.001;0.0001;0.004683;1.4e-05;0.005524;0.001107;0.003761;0.0;0.0;0.0;0.0;0.000108;0.0;0.002153;6e-06;0.000124;0.002939;0.005169;0.0;0.0;0.0;0.0;2.1e-05;0.0;0.004042;0.0;0.008826;0.003123;0.006819;0.0;0.0;0.0;0.0;0.0;0.0;0.002362;0.001566;0.017454;0.004847;0.004661;0.0;0.0;0.0;0.0;0.00273;0.0
2019-12-31;2020-03-31;patchtst_global;;;;;;;;;;;;;;;;;;;;;;0.008199;0.00143;0.018142;0.007232;0.005377;0.0;0.0;0.0;0.0;0.001704;0.0;0.007225;0.0;0.02703;0.002066;0.002502;0.0;0.0;0.0;0.0;0.0;0.0;0.005876;0.0;0.006396;0.001815;0.006891;0.0;0.0;0.0;0.0;0.0;0.0;0.007944;0.0;0.015154;0.002999;0.003463;0.0;0.0;0.0;0.0;0.0;0.0;64.0;2.0;0.1;0.001;0.0001;0.004389;2e-06;6.2e-05;0.003285;0.006504;0.0;0.0;0.0;0.0;1.7e-05;0.0;0.002062;0.0;0.012103;0.003632;0.006614;0.0;0.0;0.0;0.0;0.0;0.0;0.00584;0.002781;0.0;1.4e-05;0.00702;0.01393;0.0;0.002729;0.0;0.013203;0.0;0.002306;0.0;0.014822;0.010556;0.003714;0.006554;0.00543;0.0;0.002445;0.0;0.0
2020-03-31;2020-06-30;patchtst_global;;;;;;;;;;;;;;;;;;;;;;0.002255;1.5e-05;0.014356;0.017187;0.001874;0.004044;0.011965;0.0;0.001288;5.7e-05;0.0;0.002764;0.000847;0.022745;0.004019;0.004038;0.0;0.0;0.0;0.0;0.025722;0.0;0.007092;0.0;0.006124;0.001107;0.005993;0.0;0.0;0.0;0.0;0.0;0.0;0.005518;0.0;0.004578;1.3e-05;0.005171;0.0;0.0;0.0;0.0;0.0;0.0;64.0;2.0;0.1;0.001;0.0001;0.005778;0.0;0.011441;0.010267;0.003154;0.0;0.0;0.0;0.0;0.0;0.0;0.005322;0.00153;0.000118;0.002253;0.003681;0.017506;3.2e-05;0.00376;6e-06;0.023494;0.0;0.003786;4.3e-05;0.008636;0.001349;0.009515;0.00011;0.0;4e-05;0.0;0.000172;0.0;0.001584;0.0;0.016951;0.016298;0.0054;0.0;0.006606;0.0;0.002145;0.0;0.0
2020-06-30;2020-09-30;patchtst_global;;;;;;;;;;;;;;;;;;;;;;0.00068;0.0;0.007288;0.010218;0.002747;0.0;0.004521;0.0;0.001664;0.0;0.0;0.002108;2.8e-05;0.01539;0.019248;0.005101;0.011731;0.011022;0.0;0.000483;0.000104;0.0;0.002515;0.001265;0.011298;0.00515;0.006119;0.0;0.0;0.0;0.0;0.006746;0.0;0.003568;0.0;0.015001;0.001871;0.006554;0.0;0.0;0.0;0.0;0.0;0.0;96.0;3.0;0.1;0.0007;0.0001;0.005617;0.00144;0.000106;0.002589;0.004445;0.007815;3.7e-05;0.002714;1.3e-05;0.001956;0.0;0.001989;1e-05;0.002832;0.000724;0.003266;4.6e-05;0.0;5.7e-05;0.0;4.4e-05;0.0;0.004374;0.0;0.005776;5e-06;0.007508;0.0;0.0;0.0;0.0;0.0;0.0;0.001829;0.0;0.004184;0.011675;0.003677;0.0;0.0;0.0;0.0;0.0;0.0
2020-09-30;2020-12-31;patchtst_global;;;;;;;;;;;;;;;;;;;;;;0.002429;0.0;0.009745;0.01501;0.001932;0.0;8.9e-05;0.0;2.2e-05;0.0;0.0;0.004616;0.0;0.022906;0.011323;0.004659;0.000172;0.005237;0.0;0.001968;0.0;0.0;0.00486;2.5e-05;0.005137;0.024961;0.004875;0.007905;0.009357;0.0;0.003505;0.000274;0.0;0.008359;0.001782;0.025745;0.004094;0.007867;0.0;0.0;0.0;0.0;0.01125;0.0;96.0;3.0;0.1;0.0007;0.0001;0.003321;0.000107;0.003081;0.003971;0.00701;0.000171;0.0;0.000119;0.0;0.00035;0.0;0.003842;0.0;7.6e-05;1.3e-05;0.004813;0.0;0.0;0.0;0.0;0.0;0.0;0.005858;0.0;0.010944;0.001448;0.007025;0.0;0.0;0.0;0.0;0.0;0.0;0.002158;0.000505;0.008654;0.025068;0.002938;0.003413;0.0;0.002861;0.0;0.004671;0.0
2020-12-31;2021-03-31;patchtst_global;;;;;;;;;;;;;;;;;;;;;;0.000681;0.000667;0.000568;0.02458;0.001727;0.003185;0.0;0.000386;0.0;0.004622;0.0;0.001172;0.0;0.0065;0.007967;0.002933;0.0;5.8e-05;0.0;1e-05;0.0;0.0;0.001744;0.0;0.002563;0.008865;0.005054;0.0001;0.002549;0.0;0.002769;0.0;0.0;0.001009;2.3e-05;0.005195;0.012234;0.004051;0.01477;0.004329;0.0;0.000975;0.000134;0.0;96.0;3.0;0.1;0.0007;0.0001;0.005323;1e-06;6.3e-05;4.1e-05;0.004561;0.0;2.6e-05;0.0;4e-06;2.4e-05;0.0;0.001971;0.0;0.001838;0.001006;0.002989;0.0;0.0;0.0;0.0;0.0;0.0;0.003066;0.00127;0.004897;0.003367;0.008808;0.0;0.0;0.0;0.0;0.005006;0.0;0.001264;0.000408;0.003136;0.00454;0.002224;0.00604;0.0;0.000672;0.0;0.002054;0.0
2021-03-31;2021-06-30;patchtst_global;;;;;;;;;;;;;;;;;;;;;;0.002018;0.000369;0.000898;0.008992;0.002696;0.002633;0.0;0.000471;0.0;0.001786;0.0;0.007591;0.002065;0.013854;0.035584;0.002928;0.008248;0.0;0.003381;0.0;0.006014;0.0;0.005517;0.0;0.01016;0.010881;0.003533;0.0;0.000126;0.0;7e-06;0.0;0.0;0.012481;0.0;0.042974;0.036095;0.004117;0.000291;0.014866;0.0;0.000803;0.0;0.0;64.0;2.0;0.1;0.001;0.0001;0.008453;0.0;0.003003;0.001946;0.004486;0.0;0.0;0.0;0.0;0.0;0.0;0.001495;0.000861;0.010482;0.003057;0.002737;0.0;0.0;0.0;0.0;0.002961;0.0;0.007027;4.7e-05;0.005148;0.020872;0.00678;0.010886;0.005902;0.0;0.000636;0.000143;0.0;0.005362;0.000686;0.003236;0.025113;0.001875;0.011376;0.0;0.002215;0.0;0.009301;0.0
2021-06-30;2021-09-30;patchtst_global;;;;;;;;;;;;;;;;;;;;;;0.002268;0.001462;0.0;0.009972;0.001404;0.003105;0.0;0.000168;0.0;0.002686;0.0;0.003506;0.00138;0.0;0.007047;0.002923;0.016851;0.0;0.000437;0.0;0.0032;0.0;0.001698;0.003561;0.003194;0.020478;0.006032;0.01483;0.0;0.000475;0.0;0.003191;0.0;0.008179;0.0;0.014965;0.008144;0.003344;0.0;0.00016;0.0;2e-05;0.0;0.0;64.0;2.0;0.1;0.001;0.0001;0.003641;0.000969;0.007016;0.001351;0.003824;0.0;0.0;0.0;0.0;0.006791;0.0;0.003002;4.3e-05;0.002596;0.004614;0.002487;0.004677;0.004932;0.0;0.000608;0.000119;0.0;0.003568;0.0;0.014885;0.017129;0.006622;0.000109;0.014478;0.0;0.001523;0.0;0.0;0.002099;0.001179;0.001389;0.008304;0.002766;0.007487;0.0;0.001125;0.0;0.002683;0.0
2021-09-30;2021-12-31;patchtst_global;;;;;;;;;;;;;;;;;;;;;;0.001303;0.000335;0.003055;0.001414;0.001219;0.00491;0.0;0.000286;0.0;0.005464;0.0;0.005992;0.002533;0.0;0.003319;0.001254;0.010019;0.0;0.001674;0.0;0.003906;0.0;0.003523;0.000271;0.0;0.004898;0.002899;0.005699;0.0;0.000451;0.0;0.000742;0.0;0.006542;0.003143;0.002522;0.005291;0.002693;0.012332;0.0;0.002136;0.0;0.004594;0.0;64.0;2.0;0.1;0.001;0.0001;0.0046;3.2e-05;0.001058;0.002067;0.003592;0.003557;0.002123;0.0;0.000736;0.000168;0.0;0.00211;0.0;0.007474;0.001801;0.001719;0.000107;0.00217;0.0;0.001623;0.0;0.0;0.00381;0.0;0.004492;0.00264;0.002958;0.0;0.000129;0.0;1.8e-05;0.0;0.0;0.003112;0.001867;0.004127;0.000894;0.001279;0.003662;0.0;0.00045;0.0;0.001974;0.0
2021-12-31;2022-03-31;patchtst_global;;;;;;;;;;;;;;;;;;;;;;0.000826;0.000286;0.001111;0.000434;0.001491;0.004189;0.0;0.000316;0.0;0.001104;0.0;0.008552;0.002221;0.001436;0.004763;0.001685;0.020592;0.0;0.001398;0.0;0.006855;0.0;0.00483;0.001977;0.0;0.003223;0.002927;0.009956;0.0;0.000569;0.0;0.002114;0.0;0.010668;0.002992;0.0;0.007173;0.002509;0.028379;0.0;0.001447;0.0;0.009693;0.0;64.0;2.0;0.1;0.001;0.0001;0.007146;0.0;0.007166;0.006136;0.002075;8.5e-05;0.002803;0.0;0.002711;0.0;0.0;0.004891;0.0;0.013916;0.005356;0.002458;0.0;0.000125;0.0;1.2e-05;0.0;0.0;0.010068;0.001826;0.0013;0.014974;0.002454;0.014087;0.0;0.000452;0.0;0.004404;0.0;0.004538;0.000843;0.007913;0.004506;0.000628;0.006808;0.015187;0.000538;0.002111;0.006373;0.0
2022-03-31;2022-06-30;patchtst_global;;;;;;;;;;;;;;;;;;;;;;0.001044;0.000575;0.005241;0.00673;0.001107;0.005236;0.00329;0.000307;0.000852;0.001594;0.0;0.003381;0.005311;0.016342;0.000369;0.005495;0.024788;0.0;0.001617;0.0;0.003133;0.0;0.001901;0.000563;0.00374;0.006755;0.00254;0.012548;0.0;0.0004;0.0;0.003987;0.0;0.006234;0.004368;0.0;0.007634;0.005939;0.023432;0.0;0.001096;0.0;0.001243;0.0;64.0;2.0;0.1;0.001;0.0001;0.000959;0.0;0.003746;0.002807;0.001443;0.0;4.2e-05;0.0;1.1e-05;0.0;0.0;0.003019;0.002795;0.001675;0.003148;0.002891;0.007207;0.0;0.000821;0.0;0.002391;0.0;0.001354;0.000498;0.0;0.003308;0.003524;0.01483;0.0;0.00033;0.0;0.002419;0.0;0.001505;0.001373;0.00321;0.020559;0.002245;0.0;0.013612;0.0;0.002006;0.003323;0.0
2022-06-30;2022-09-30;patchtst_global;;;;;;;;;;;;;;;;;;;;;;0.001207;0.000416;0.004531;0.008454;0.001588;0.0;0.004696;0.0;0.001871;0.000492;0.0;0.00165;0.000299;0.007747;0.049464;0.002183;0.015205;0.009532;0.001756;0.002504;0.006293;0.0;0.001218;0.001456;0.010188;0.0;0.001428;0.002709;0.0;0.002099;0.0;0.003067;0.0;0.002964;0.000541;0.002804;0.014624;0.002429;0.021174;0.0;0.002372;0.0;0.010454;0.0;96.0;3.0;0.1;0.0007;0.0001;0.002458;0.001558;0.000451;0.011147;0.004881;0.002501;0.0;0.000853;0.0;0.00201;0.0;0.001213;0.001576;0.0;0.012467;0.005993;0.02217;0.0;0.000469;0.0;0.000921;0.0;0.001986;0.002511;0.0;0.002821;0.001771;0.005522;0.0;0.002898;0.0;0.002706;0.0;0.000761;0.000778;0.012563;0.010463;0.001525;0.0;0.005593;0.0;0.001154;0.002367;0.0
2022-09-30;2022-12-31;patchtst_global;;;;;;;;;;;;;;;;;;;;;;0.00403;0.000915;0.022273;0.028597;0.000556;0.0;0.003328;0.0;0.000506;0.005446;0.0;0.001254;0.001964;0.024223;0.055718;0.001177;0.0;0.016734;0.0;0.000812;0.005083;0.0;0.005965;0.001225;0.006701;0.10017;0.004477;0.018682;0.005882;0.000114;0.000868;0.004593;0.0;0.007178;0.000616;0.051989;0.004995;0.011913;0.061692;0.0;0.000878;0.0;0.017705;0.0;64.0;2.0;0.1;0.001;0.0001;0.0125;0.000933;0.0;0.019397;0.006968;0.006149;0.0;0.001348;0.0;0.004591;0.0;0.003469;0.000993;0.0;0.0188;0.001904;0.004141;0.0;0.000414;0.0;0.01644;0.0;0.005315;0.001541;0.002522;0.005031;0.009407;0.054475;0.0;0.003267;0.0;0.006805;0.0;0.001239;0.001275;0.032183;0.041304;0.002565;0.013126;0.003145;0.00029;0.000966;0.007996;0.0
2022-12-31;2023-03-31;patchtst_global;;;;;;;;;;;;;;;;;;;;;;0.003334;0.002417;0.021592;0.070403;0.007015;0.024103;0.005558;0.001591;0.005097;0.003754;0.0;0.004858;0.001894;0.047756;0.079895;0.003584;0.0;0.012677;0.0;0.003116;0.011204;0.0;0.0023;0.002463;0.018559;0.087322;0.008336;0.0;0.005525;0.0;0.006849;0.007952;0.0;0.003925;0.000988;0.032667;0.108409;0.007917;0.058318;0.012112;0.000602;0.005317;0.005462;0.0;64.0;2.0;0.1;0.001;0.0001;0.009479;0.000642;0.0;0.00977;0.008271;0.011923;0.0;0.001619;0.0;0.014265;0.0;0.003685;0.001165;0.005655;0.008423;0.003634;0.005733;0.0;0.002182;0.0;0.004242;0.0;0.006793;0.004379;0.025741;0.001812;0.003234;0.045204;0.0;0.000422;0.0;0.014603;0.0;0.004891;0.001061;0.028936;0.047242;0.005862;0.0;0.01034;0.0;0.002528;0.006533;0.0
2023-03-31;2023-06-30;patchtst_global;;;;;;;;;;;;;;;;;;;;;;0.012614;0.00276;0.034913;0.022739;0.003425;0.0;0.005869;0.0;0.00285;0.007277;0.0;0.006264;0.000678;0.02963;0.030241;0.007807;0.049994;0.035219;0.004479;0.002041;0.022834;0.0;0.007663;0.003385;0.009865;0.131099;0.007895;0.0;0.008772;0.0;0.006625;0.007558;0.0;0.0078;0.000359;0.007761;0.017875;0.00703;0.0;0.019101;0.0;0.00075;0.009679;0.0;96.0;3.0;0.1;0.0007;0.0001;0.004594;0.000901;0.0;0.005372;0.009815;0.006132;0.0;0.001517;0.0;0.00402;0.0;0.010923;0.000464;0.002109;0.001835;0.002714;0.018801;0.0;0.001324;0.0;0.004206;0.0;0.006654;0.002671;0.006016;0.148833;0.006111;0.021132;0.006288;0.000718;0.005387;0.003161;0.0;0.000896;0.002207;0.043369;0.052293;0.006173;0.0;0.003631;0.0;0.00172;0.01116;0.0
2023-06-30;2023-09-30;patchtst_global;;;;;;;;;;;;;;;;;;;;;;0.011345;0.001822;0.012032;0.017445;0.002794;3.8e-05;0.005207;0.0;0.001623;0.003233;0.0;0.005174;0.00307;0.023152;0.02087;0.014214;0.000271;0.026602;1.2e-05;0.006088;0.004298;0.0;0.00632;0.001232;0.039239;0.102357;0.010785;0.037665;0.009321;0.00057;0.001071;0.006431;0.0;0.009029;0.005017;0.043655;0.016036;0.015815;6.4e-05;0.02438;3.2e-05;0.005664;0.001404;0.0;96.0;3.0;0.1;0.0007;0.0001;0.005823;0.001858;0.005827;0.00957;0.011266;0.013774;4.6e-05;0.003007;2e-06;0.005533;0.0;0.012342;0.002442;0.009575;0.004713;0.007213;0.016572;0.024808;0.001351;0.004631;0.000949;0.0;0.009498;0.001027;0.00701;0.150258;0.012245;8.3e-05;0.016199;0.0;0.000678;0.009191;0.0;0.003209;0.002472;0.002048;0.000809;0.009735;0.030504;0.009471;0.002734;0.002836;0.007002;0.0
2023-09-30;2023-12-31;patchtst_global;;;;;;;;;;;;;;;;;;;;;;0.010771;0.000792;0.016733;0.002255;0.003921;0.021895;0.019377;0.001469;0.003081;0.004215;0.0;0.00515;0.001177;0.030004;0.02714;0.010079;0.000135;0.012746;0.0;0.003917;0.008254;0.0;0.008758;0.001337;0.006556;0.038656;0.006944;8e-05;0.008899;2e-06;0.001981;0.002429;0.0;0.002371;0.001254;0.023278;0.075664;0.010126;0.01932;0.010968;0.00039;0.002474;0.006942;0.0;64.0;2.0;0.1;0.001;0.0001;0.009651;0.000702;0.009992;0.039763;0.004951;0.018707;0.014055;0.002102;0.000543;0.004941;0.0;0.009182;0.000497;0.009382;0.117973;0.008425;3e-06;0.011071;0.0;0.00565;0.001211;0.0;0.003873;0.000417;0.027686;0.072604;0.010339;1.8e-05;0.007437;3e-06;0.00109;0.004559;0.0;0.002608;0.001082;0.006239;0.006292;0.002033;0.0;0.005662;0.0;0.001213;0.003065;0.0
2023-12-31;2024-03-31;patchtst_global;;;;;;;;;;;;;;;;;;;;;;0.003711;0.002215;0.006995;0.008684;0.007;0.0;0.011495;0.0;0.004266;0.007156;0.0;0.001904;0.001143;0.032904;0.002544;0.003743;0.007067;0.009866;0.000781;0.001987;0.005852;0.0;0.002397;0.001658;0.046721;0.012516;0.00516;1.9e-05;0.00947;1e-06;0.006098;0.009394;0.0;0.002677;0.000443;0.032414;0.023498;0.002477;0.000123;0.004294;1e-06;0.000892;0.004391;0.0;64.0;2.0;0.1;0.001;0.0001;0.003165;0.000443;0.002899;0.015047;0.002109;4e-06;0.004822;0.0;0.000809;0.004693;0.0;0.00123;0.000434;0.00944;0.012076;0.001704;9.8e-05;0.00611;3e-06;0.000541;0.0088;0.0;0.001546;0.00117;0.035903;0.02344;0.002598;0.006254;0.007152;0.000343;0.004407;0.008481;0.0;0.003123;0.000765;0.023235;0.012558;0.006682;0.0;0.006896;0.0;0.001068;0.003628;0.0
2024-03-31;2024-06-30;patchtst_global;;;;;;;;;;;;;;;;;;;;;;0.000881;0.001494;0.01102;0.008997;0.003335;0.0;0.004693;0.0;0.001248;0.002055;0.0;0.000938;0.000883;0.006289;0.00122;0.005977;0.0;0.003993;0.0;0.001606;0.006206;0.0;0.002253;0.003591;0.007438;0.005194;0.007633;0.005054;0.006225;0.000763;0.004553;0.002373;0.0;0.001738;0.000717;0.015438;0.009641;0.004763;9.6e-05;0.003605;1e-06;0.001028;0.004854;0.0;96.0;3.0;0.1;0.0007;0.0001;0.002773;0.000235;0.005407;0.013419;0.002562;1.8e-05;0.003485;8e-06;0.001703;0.0013;0.0;0.00138;0.001578;0.009752;0.012069;0.002058;0.00439;0.0019;0.000374;0.000534;0.001166;0.0;0.004109;0.001238;0.01072;0.021839;0.005115;2.6e-05;0.003027;3e-06;0.003279;0.001282;0.0;0.00094;0.0026;0.011278;0.00602;0.003962;0.0;0.007677;0.0;0.001468;0.005696;0.0
2024-06-30;2024-09-30;patchtst_global;;;;;;;;;;;;;;;;;;;;;;0.005603;0.000893;0.018976;0.000582;0.004714;0.0;0.00556;0.0;0.001717;0.007717;0.0;0.004109;0.000428;0.005235;0.001255;0.005672;0.0;0.008138;0.0;0.000974;0.004077;0.0;0.003949;0.00133;0.003293;0.002686;0.003485;0.0;0.009424;0.0;0.001955;0.001411;0.0;0.004451;0.000517;0.007401;0.001128;0.004439;0.002484;0.008614;0.000298;0.001823;0.004144;0.0;64.0;2.0;0.1;0.001;0.0001;0.004298;0.000441;0.001863;0.026073;0.001722;0.004919;0.009043;0.000815;0.001754;0.001641;0.0;0.00236;9.7e-05;0.013281;0.003392;0.002597;7.7e-05;0.004598;0.0;0.001158;0.003082;0.0;0.003335;0.000576;0.003076;0.007804;0.002782;4.2e-05;0.008039;0.0;0.001513;0.00174;0.0;0.003735;0.000758;0.016562;0.000641;0.004827;0.0;0.007773;0.0;0.000835;0.003582;0.0
2024-09-30;2024-12-31;patchtst_global;;;;;;;;;;;;;;;;;;;;;;0.000983;0.001897;0.007007;0.000305;0.003244;0.0;0.004806;0.0;0.001537;0.005141;0.0;0.002061;0.002457;0.004479;0.000415;0.00533;0.0;0.00495;0.0;0.001304;0.006106;0.0;0.001228;0.003272;0.010395;0.006162;0.004455;0.0;0.007518;0.0;0.001434;0.012797;0.0;0.002492;0.003832;0.002142;0.001187;0.006625;0.0;0.015449;0.0;0.00231;0.00866;0.0;96.0;3.0;0.1;0.0007;0.0001;0.001893;0.000226;0.019774;0.018089;0.001694;1e-05;0.006024;0.0;0.005622;0.005224;0.0;0.001756;0.001572;0.007466;0.006469;0.001279;7.5e-05;0.006374;1e-06;0.001626;0.003638;0.0;0.004285;0.003879;0.013857;0.004974;0.002526;0.005196;0.009538;0.001436;0.003053;0.00755;0.0;0.000978;0.00173;0.005491;0.004119;0.001348;0.005606;0.003753;0.001912;0.000606;0.003466;0.0
2024-12-31;2025-03-31;patchtst_global;;;;;;;;;;;;;;;;;;;;;;0.003434;0.00129;0.010771;0.004763;0.001497;0.002115;0.009354;0.000641;0.000733;0.004817;0.0;0.002568;0.000772;0.024954;0.000401;0.003158;0.0;0.007838;0.0;0.003355;0.012298;0.0;0.001851;0.000593;0.022196;0.004381;0.002306;0.0;0.005434;0.0;0.002481;0.006749;0.0;0.002559;0.000701;0.015143;0.00464;0.003143;0.0;0.008168;0.0;0.004106;0.010269;0.0;96.0;3.0;0.1;0.0007;0.0001;0.001522;0.000776;0.01166;0.011419;0.002363;1.2e-05;0.004371;0.0;0.003667;0.004599;0.0;0.002219;0.002557;0.005726;0.00137;0.001131;0.028937;0.004907;0.002706;0.005006;0.005213;0.0;0.002359;0.001077;0.001746;0.007541;0.002616;0.0;0.004678;0.0;0.002503;0.008774;0.0;0.003049;0.00138;0.034748;0.005983;0.002068;0.0;0.008632;0.0;0.000764;0.011059;0.0
2025-03-31;2025-06-30;patchtst_global;;;;;;;;;;;;;;;;;;;;;;0.000918;0.000883;0.026152;0.002827;0.002685;0.0;0.00494;0.0;0.001184;0.002154;0.0;0.006405;0.001456;0.026195;0.004085;0.005991;0.005557;0.012351;0.001045;0.000568;0.005776;0.0;0.002989;0.002287;0.048907;0.001315;0.002289;0.0;0.005878;0.0;0.001815;0.012103;0.0;0.011985;0.001273;0.013903;0.00214;0.007844;0.0;0.026957;0.0;0.001295;0.020548;0.0;64.0;2.0;0.1;0.001;0.0001;0.011268;0.002532;0.019435;0.009808;0.00682;0.00978;0.036689;0.002396;0.002863;0.002222;0.0;0.003307;0.000964;0.005431;0.003263;0.004612;0.0;0.006358;0.0;0.003574;0.005347;0.0;0.003936;0.002079;0.03205;0.014913;0.003009;0.0;0.009439;0.0;0.00149;0.012771;0.0;0.004599;0.000187;0.008565;0.00452;0.002694;0.0;0.005958;0.0;0.000716;0.001603;0.0
2025-06-30;2025-09-30;patchtst_global;;;;;;;;;;;;;;;;;;;;;;0.000873;0.000576;0.028768;0.003222;0.003237;0.0;0.001598;0.0;0.001443;0.002535;0.0;0.002982;0.000633;0.007816;0.007025;0.003248;0.0;0.007927;0.0;0.001432;0.004648;0.0;0.001223;0.001672;0.035007;0.009218;0.004255;0.009234;0.010927;0.000337;0.002104;0.00853;0.0;0.009706;0.001248;0.008864;0.001021;0.004114;0.0;0.027756;0.0;0.001254;0.013757;0.0;64.0;2.0;0.1;0.001;0.0001;0.009838;0.001276;0.005844;0.008102;0.006489;0.0;0.022852;0.0;0.004589;0.003934;0.0;0.005068;0.000667;0.002257;0.002871;0.001574;0.0;0.008505;0.0;0.004065;0.00276;0.0;0.003985;0.002088;0.051233;0.005515;0.00796;0.0;0.008187;0.0;0.003126;0.0054;0.0;0.001984;0.000234;0.007969;0.00502;0.002712;0.0;0.003888;0.0;0.000498;0.00271;0.0
