month_end;model;n_assets;mse;mae;spearman_rank_corr;state_date;q;obs_var;state_infl_high;state_dd_stress;alpha;l1_ratio;window
2018-12-31;kalman_tvp;226;0.086619;0.173799;0.230017;2018-09-30;0.001;0.042754;1.0;0.0;;;
2019-03-31;kalman_tvp;228;0.054215;0.14257;-0.321265;2018-12-31;0.0001;0.045944;0.0;0.0;;;
2019-06-30;kalman_tvp;227;0.044363;0.117104;0.131782;2019-03-31;1e-05;0.046667;0.0;0.0;;;
2019-09-30;kalman_tvp;228;0.025365;0.112367;-0.172437;2019-06-30;0.0001;0.046484;0.0;0.0;;;
2019-12-31;kalman_tvp;230;0.049254;0.181298;0.149232;2019-09-30;0.0001;0.0449;0.0;0.0;;;
2020-03-31;kalman_tvp;229;0.037483;0.129861;-0.08949;2019-12-31;1e-05;0.044285;1.0;1.0;;;
2020-06-30;kalman_tvp;232;0.049298;0.138688;0.086002;2020-03-31;1e-05;0.043747;0.0;1.0;;;
2020-09-30;kalman_tvp;224;0.0452;0.170674;-0.321648;2020-06-30;0.0001;0.044226;0.0;0.0;;;
2020-12-31;kalman_tvp;229;0.040917;0.137999;0.00924;2020-09-30;1e-05;0.04367;1.0;0.0;;;
2021-03-31;kalman_tvp;228;0.033881;0.143652;-0.012077;2020-12-31;1e-05;0.043526;1.0;0.0;;;
2021-06-30;kalman_tvp;228;0.064939;0.151333;-0.124161;2021-03-31;0.0001;0.042985;1.0;0.0;;;
2021-09-30;kalman_tvp;227;0.05402;0.177196;-0.006583;2021-06-30;0.0001;0.044083;1.0;0.0;;;
2021-12-31;kalman_tvp;225;0.067491;0.226195;0.08476;2021-09-30;1e-05;0.044532;1.0;0.0;;;
2022-03-31;kalman_tvp;225;0.057603;0.198759;0.225682;2021-12-31;0.001;0.045574;1.0;1.0;;;
2022-06-30;kalman_tvp;225;0.028447;0.135679;0.134957;2022-03-31;0.001;0.046516;0.0;1.0;;;
2022-09-30;kalman_tvp;221;0.140369;0.33076;0.005097;2022-06-30;0.0001;0.045574;0.0;1.0;;;
2022-12-31;kalman_tvp;220;0.14415;0.257978;0.306249;2022-09-30;1e-05;0.046804;1.0;1.0;;;
2023-03-31;kalman_tvp;220;0.120781;0.236993;0.324656;2022-12-31;0.0001;0.050034;0.0;1.0;;;
2023-06-30;kalman_tvp;219;0.201039;0.327679;0.459379;2023-03-31;0.001;0.053047;0.0;1.0;;;
2023-09-30;kalman_tvp;223;0.187639;0.367775;-0.465155;2023-06-30;0.001;0.059373;1.0;1.0;;;
2023-12-31;kalman_tvp;229;0.284153;0.490749;-0.026276;2023-09-30;0.001;0.062285;0.0;1.0;;;
2024-03-31;kalman_tvp;231;0.033286;0.152799;-0.207429;2023-12-31;1e-05;0.062116;0.0;1.0;;;
2024-06-30;kalman_tvp;237;0.025896;0.115952;0.117333;2024-03-31;1e-05;0.06102;0.0;1.0;;;
2024-09-30;kalman_tvp;238;0.026109;0.129983;-0.250156;2024-06-30;1e-05;0.059676;0.0;1.0;;;
2024-12-31;kalman_tvp;240;0.064313;0.211709;0.248375;2024-09-30;1e-05;0.058536;1.0;1.0;;;
2025-03-31;kalman_tvp;240;0.052114;0.205181;-0.160505;2024-12-31;1e-05;0.05838;0.0;1.0;;;
2025-06-30;kalman_tvp;240;0.037145;0.141078;-0.399715;2025-03-31;1e-05;0.057122;0.0;1.0;;;
2025-09-30;kalman_tvp;239;0.016492;0.096047;-0.137069;2025-06-30;1e-05;0.056341;0.0;1.0;;;
2018-12-31;ols;226;0.080987;0.160425;0.123199;2018-09-30;;;1.0;0.0;;;
2019-03-31;ols;228;0.056021;0.142812;-0.293724;2018-12-31;;;0.0;0.0;;;
2019-06-30;ols;227;0.045598;0.118381;0.134934;2019-03-31;;;0.0;0.0;;;
2019-09-30;ols;228;0.028481;0.113604;-0.2032;2019-06-30;;;0.0;0.0;;;
2019-12-31;ols;230;0.038227;0.146382;0.180547;2019-09-30;;;0.0;0.0;;;
2020-03-31;ols;229;0.03927;0.128224;-0.089152;2019-12-31;;;1.0;1.0;;;
2020-06-30;ols;232;0.052374;0.142682;0.011618;2020-03-31;;;0.0;1.0;;;
2020-09-30;ols;224;0.03608;0.139259;-0.329132;2020-06-30;;;0.0;0.0;;;
2020-12-31;ols;229;0.041307;0.141183;0.010603;2020-09-30;;;1.0;0.0;;;
2021-03-31;ols;228;0.034514;0.147059;-0.00977;2020-12-31;;;1.0;0.0;;;
2021-06-30;ols;228;0.064152;0.160576;-0.120589;2021-03-31;;;1.0;0.0;;;
2021-09-30;ols;227;0.055188;0.183835;0.07172;2021-06-30;;;1.0;0.0;;;
2021-12-31;ols;225;0.080918;0.25375;0.142082;2021-09-30;;;1.0;0.0;;;
2022-03-31;ols;225;0.079596;0.240645;-0.08177;2021-12-31;;;1.0;1.0;;;
2022-06-30;ols;225;0.032337;0.150308;0.224464;2022-03-31;;;0.0;1.0;;;
2022-09-30;ols;221;0.106284;0.276059;-0.035371;2022-06-30;;;0.0;1.0;;;
2022-12-31;ols;220;0.15795;0.27919;0.27966;2022-09-30;;;1.0;1.0;;;
2023-03-31;ols;220;0.138431;0.24401;0.298724;2022-12-31;;;0.0;1.0;;;
2023-06-30;ols;219;0.2647;0.367226;0.396137;2023-03-31;;;0.0;1.0;;;
2023-09-30;ols;223;0.206185;0.418155;-0.484193;2023-06-30;;;1.0;1.0;;;
2023-12-31;ols;229;0.062676;0.171725;0.207281;2023-09-30;;;0.0;1.0;;;
2024-03-31;ols;231;0.03363;0.154968;-0.20363;2023-12-31;;;0.0;1.0;;;
2024-06-30;ols;237;0.026718;0.119251;0.124714;2024-03-31;;;0.0;1.0;;;
2024-09-30;ols;238;0.025314;0.126002;-0.239118;2024-06-30;;;0.0;1.0;;;
2024-12-31;ols;240;0.060742;0.203472;0.258988;2024-09-30;;;1.0;1.0;;;
2025-03-31;ols;240;0.019222;0.11253;-0.177706;2024-12-31;;;0.0;1.0;;;
2025-06-30;ols;240;0.032384;0.124208;0.38834;2025-03-31;;;0.0;1.0;;;
2025-09-30;ols;239;0.016169;0.09263;-0.118277;2025-06-30;;;0.0;1.0;;;
2018-12-31;ridge;226;0.082561;0.162422;0.060416;2018-09-30;;;1.0;0.0;100.0;;
2019-03-31;ridge;228;0.053947;0.137846;-0.262262;2018-12-31;;;0.0;0.0;100.0;;
2019-06-30;ridge;227;0.045453;0.118334;0.093933;2019-03-31;;;0.0;0.0;100.0;;
2019-09-30;ridge;228;0.027945;0.112063;-0.206497;2019-06-30;;;0.0;0.0;100.0;;
2019-12-31;ridge;230;0.039318;0.149847;0.207005;2019-09-30;;;0.0;0.0;100.0;;
2020-03-31;ridge;229;0.03927;0.128224;-0.089152;2019-12-31;;;1.0;1.0;0.0001;;
2020-06-30;ridge;232;0.052323;0.142594;0.01604;2020-03-31;;;0.0;1.0;1.0;;
2020-09-30;ridge;224;0.036066;0.13924;-0.327906;2020-06-30;;;0.0;0.0;10.0;;
2020-12-31;ridge;229;0.040647;0.136945;0.008193;2020-09-30;;;1.0;0.0;100.0;;
2021-03-31;ridge;228;0.033822;0.143734;-0.008327;2020-12-31;;;1.0;0.0;100.0;;
2021-06-30;ridge;228;0.064452;0.159431;-0.147541;2021-03-31;;;1.0;0.0;100.0;;
2021-09-30;ridge;227;0.054461;0.181318;0.027194;2021-06-30;;;1.0;0.0;100.0;;
2021-12-31;ridge;225;0.077703;0.247763;0.174151;2021-09-30;;;1.0;0.0;100.0;;
2022-03-31;ridge;225;0.075895;0.233978;-0.044634;2021-12-31;;;1.0;1.0;100.0;;
2022-06-30;ridge;225;0.034425;0.156394;0.242296;2022-03-31;;;0.0;1.0;100.0;;
2022-09-30;ridge;221;0.101957;0.268158;-0.089598;2022-06-30;;;0.0;1.0;100.0;;
2022-12-31;ridge;220;0.159508;0.281657;0.337587;2022-09-30;;;1.0;1.0;100.0;;
2023-03-31;ridge;220;0.14083;0.246017;0.286929;2022-12-31;;;0.0;1.0;100.0;;
2023-06-30;ridge;219;0.2647;0.367226;0.396137;2023-03-31;;;0.0;1.0;0.0001;;
2023-09-30;ridge;223;0.206185;0.418155;-0.484193;2023-06-30;;;1.0;1.0;0.0001;;
2023-12-31;ridge;229;0.062417;0.17105;0.214771;2023-09-30;;;0.0;1.0;100.0;;
2024-03-31;ridge;231;0.032416;0.152606;-0.219608;2023-12-31;;;0.0;1.0;100.0;;
2024-06-30;ridge;237;0.026984;0.119197;0.106454;2024-03-31;;;0.0;1.0;100.0;;
2024-09-30;ridge;238;0.024713;0.124695;-0.279121;2024-06-30;;;0.0;1.0;100.0;;
2024-12-31;ridge;240;0.059314;0.199797;0.253576;2024-09-30;;;1.0;1.0;100.0;;
2025-03-31;ridge;240;0.019048;0.112404;-0.214199;2024-12-31;;;0.0;1.0;100.0;;
2025-06-30;ridge;240;0.032274;0.124214;0.398572;2025-03-31;;;0.0;1.0;100.0;;
2025-09-30;ridge;239;0.016179;0.092221;-0.14225;2025-06-30;;;0.0;1.0;100.0;;
2018-12-31;lasso;226;0.084187;0.165353;;2018-09-30;;;1.0;0.0;0.1;;
2019-03-31;lasso;228;0.046436;0.124366;;2018-12-31;;;0.0;0.0;0.1;;
2019-06-30;lasso;227;0.043408;0.118758;;2019-03-31;;;0.0;0.0;0.1;;
2019-09-30;lasso;228;0.024627;0.105312;;2019-06-30;;;0.0;0.0;0.1;;
2019-12-31;lasso;230;0.046488;0.173107;;2019-09-30;;;0.0;0.0;0.1;;
2020-03-31;lasso;229;0.03927;0.128162;-0.087923;2019-12-31;;;1.0;1.0;1e-05;;
2020-06-30;lasso;232;0.052358;0.142649;0.014135;2020-03-31;;;0.0;1.0;1e-05;;
2020-09-30;lasso;224;0.036028;0.139117;-0.327644;2020-06-30;;;0.0;0.0;0.0001;;
2020-12-31;lasso;229;0.040268;0.125811;;2020-09-30;;;1.0;0.0;0.01;;
2021-03-31;lasso;228;0.03258;0.130375;;2020-12-31;;;1.0;0.0;0.01;;
2021-06-30;lasso;228;0.06456;0.148752;;2021-03-31;;;1.0;0.0;0.01;;
2021-09-30;lasso;227;0.049405;0.159621;;2021-06-30;;;1.0;0.0;0.01;;
2021-12-31;lasso;225;0.065145;0.221165;;2021-09-30;;;1.0;0.0;0.1;;
2022-03-31;lasso;225;0.048624;0.166241;;2021-12-31;;;1.0;1.0;0.1;;
2022-06-30;lasso;225;0.04031;0.16991;;2022-03-31;;;0.0;1.0;0.1;;
2022-09-30;lasso;221;0.062956;0.188068;;2022-06-30;;;0.0;1.0;0.1;;
2022-12-31;lasso;220;0.183634;0.315596;;2022-09-30;;;1.0;1.0;0.1;;
2023-03-31;lasso;220;0.17761;0.273914;;2022-12-31;;;0.0;1.0;0.1;;
2023-06-30;lasso;219;0.264717;0.367222;0.398505;2023-03-31;;;0.0;1.0;1e-05;;
2023-09-30;lasso;223;0.20593;0.417893;-0.483664;2023-06-30;;;1.0;1.0;1e-05;;
2023-12-31;lasso;229;0.066279;0.176978;0.191076;2023-09-30;;;0.0;1.0;0.01;;
2024-03-31;lasso;231;0.040953;0.180715;;2023-12-31;;;0.0;1.0;0.1;;
2024-06-30;lasso;237;0.026669;0.115154;0.094056;2024-03-31;;;0.0;1.0;0.01;;
2024-09-30;lasso;238;0.022454;0.118683;-0.316789;2024-06-30;;;0.0;1.0;0.01;;
2024-12-31;lasso;240;0.047946;0.171907;0.270897;2024-09-30;;;1.0;1.0;0.01;;
2025-03-31;lasso;240;0.036095;0.168521;;2024-12-31;;;0.0;1.0;0.1;;
2025-06-30;lasso;240;0.028746;0.129223;0.42798;2025-03-31;;;0.0;1.0;0.1;;
2025-09-30;lasso;239;0.016031;0.09117;-0.160119;2025-06-30;;;0.0;1.0;0.01;;
2018-12-31;elastic_net;226;0.084187;0.165353;;2018-09-30;;;1.0;0.0;0.1;0.5;
2019-03-31;elastic_net;228;0.046436;0.124366;;2018-12-31;;;0.0;0.0;0.1;0.5;
2019-06-30;elastic_net;227;0.043408;0.118758;;2019-03-31;;;0.0;0.0;0.1;0.5;
2019-09-30;elastic_net;228;0.024627;0.105312;;2019-06-30;;;0.0;0.0;0.1;0.5;
2019-12-31;elastic_net;230;0.046488;0.173107;;2019-09-30;;;0.0;0.0;0.1;0.5;
2020-03-31;elastic_net;229;0.039269;0.128206;-0.088918;2019-12-31;;;1.0;1.0;1e-05;0.2;
2020-06-30;elastic_net;232;0.052369;0.142673;0.012016;2020-03-31;;;0.0;1.0;1e-05;0.2;
2020-09-30;elastic_net;224;0.035899;0.138826;-0.326699;2020-06-30;;;0.0;0.0;0.001;0.5;
2020-12-31;elastic_net;229;0.040018;0.129759;;2020-09-30;;;1.0;0.0;0.01;0.8;
2021-03-31;elastic_net;228;0.032848;0.134075;;2020-12-31;;;1.0;0.0;0.01;0.8;
2021-06-30;elastic_net;228;0.064044;0.15144;;2021-03-31;;;1.0;0.0;0.01;0.8;
2021-09-30;elastic_net;227;0.05052;0.164526;;2021-06-30;;;1.0;0.0;0.01;0.8;
2021-12-31;elastic_net;225;0.065145;0.221165;;2021-09-30;;;1.0;0.0;0.1;0.2;
2022-03-31;elastic_net;225;0.048624;0.166241;;2021-12-31;;;1.0;1.0;0.1;0.2;
2022-06-30;elastic_net;225;0.04031;0.16991;;2022-03-31;;;0.0;1.0;0.1;0.2;
2022-09-30;elastic_net;221;0.062956;0.188068;;2022-06-30;;;0.0;1.0;0.1;0.2;
2022-12-31;elastic_net;220;0.183634;0.315596;;2022-09-30;;;1.0;1.0;0.1;0.2;
2023-03-31;elastic_net;220;0.165625;0.263381;;2022-12-31;;;0.0;1.0;0.1;0.2;
2023-06-30;elastic_net;219;0.264705;0.367225;0.396404;2023-03-31;;;0.0;1.0;1e-05;0.2;
2023-09-30;elastic_net;223;0.20612;0.418089;-0.484203;2023-06-30;;;1.0;1.0;1e-05;0.2;
2023-12-31;elastic_net;229;0.067007;0.179197;0.204268;2023-09-30;;;0.0;1.0;0.01;0.5;
2024-03-31;elastic_net;231;0.040953;0.180715;;2023-12-31;;;0.0;1.0;0.1;0.8;
2024-06-30;elastic_net;237;0.033002;0.139074;;2024-03-31;;;0.0;1.0;0.1;0.2;
2024-09-30;elastic_net;238;0.02251;0.118624;-0.316789;2024-06-30;;;0.0;1.0;0.01;0.8;
2024-12-31;elastic_net;240;0.048882;0.174096;0.270897;2024-09-30;;;1.0;1.0;0.01;0.8;
2025-03-31;elastic_net;240;0.036095;0.168521;;2024-12-31;;;0.0;1.0;0.1;0.8;
2025-06-30;elastic_net;240;0.028614;0.128683;0.42798;2025-03-31;;;0.0;1.0;0.1;0.8;
2025-09-30;elastic_net;239;0.016285;0.092034;-0.159375;2025-06-30;;;0.0;1.0;0.01;0.5;
2018-12-31;rolling_ols;226;0.082982;0.162974;-0.048714;2018-09-30;;;1.0;0.0;;;4.0
2019-03-31;rolling_ols;228;0.048953;0.131844;-0.292486;2018-12-31;;;0.0;0.0;;;4.0
2019-06-30;rolling_ols;227;0.041702;0.121154;0.207158;2019-03-31;;;0.0;0.0;;;4.0
2019-09-30;rolling_ols;228;0.026081;0.114416;-0.146637;2019-06-30;;;0.0;0.0;;;4.0
2019-12-31;rolling_ols;230;0.045559;0.170011;0.123509;2019-09-30;;;0.0;0.0;;;4.0
2020-03-31;rolling_ols;229;0.039116;0.128087;-0.078309;2019-12-31;;;1.0;1.0;;;12.0
2020-06-30;rolling_ols;232;0.045215;0.140154;0.10341;2020-03-31;;;0.0;1.0;;;12.0
2020-09-30;rolling_ols;224;0.152702;0.364356;-0.292698;2020-06-30;;;0.0;0.0;;;8.0
2020-12-31;rolling_ols;229;0.042054;0.145166;-0.004211;2020-09-30;;;1.0;0.0;;;12.0
2021-03-31;rolling_ols;228;0.03408;0.144509;-0.014799;2020-12-31;;;1.0;0.0;;;12.0
2021-06-30;rolling_ols;228;0.064291;0.158966;-0.086814;2021-03-31;;;1.0;0.0;;;12.0
2021-09-30;rolling_ols;227;0.05346;0.178228;0.066753;2021-06-30;;;1.0;0.0;;;12.0
2021-12-31;rolling_ols;225;0.056348;0.200421;0.091124;2021-09-30;;;1.0;0.0;;;8.0
2022-03-31;rolling_ols;225;0.137206;0.336718;0.118425;2021-12-31;;;1.0;1.0;;;8.0
2022-06-30;rolling_ols;225;0.025181;0.12795;0.219538;2022-03-31;;;0.0;1.0;;;4.0
2022-09-30;rolling_ols;221;0.132214;0.317577;-0.000219;2022-06-30;;;0.0;1.0;;;4.0
2022-12-31;rolling_ols;220;0.180775;0.314769;0.286375;2022-09-30;;;1.0;1.0;;;12.0
2023-03-31;rolling_ols;220;0.517354;0.634791;0.347134;2022-12-31;;;0.0;1.0;;;8.0
2023-06-30;rolling_ols;219;0.209382;0.335029;0.438277;2023-03-31;;;0.0;1.0;;;4.0
2023-09-30;rolling_ols;223;0.066022;0.211942;-0.439222;2023-06-30;;;1.0;1.0;;;4.0
2023-12-31;rolling_ols;229;0.211182;0.409831;0.218719;2023-09-30;;;0.0;1.0;;;4.0
2024-03-31;rolling_ols;231;0.089229;0.265125;-0.26269;2023-12-31;;;0.0;1.0;;;4.0
2024-06-30;rolling_ols;237;0.023716;0.099652;0.062799;2024-03-31;;;0.0;1.0;;;8.0
2024-09-30;rolling_ols;238;0.028191;0.134022;-0.270807;2024-06-30;;;0.0;1.0;;;8.0
2024-12-31;rolling_ols;240;0.158605;0.370413;0.202096;2024-09-30;;;1.0;1.0;;;8.0
2025-03-31;rolling_ols;240;0.012926;0.084093;0.210057;2024-12-31;;;0.0;1.0;;;4.0
2025-06-30;rolling_ols;240;0.039994;0.142586;-0.17425;2025-03-31;;;0.0;1.0;;;4.0
2025-09-30;rolling_ols;239;0.033205;0.149458;-0.032237;2025-06-30;;;0.0;1.0;;;4.0
2018-12-31;catboost_lags_regimes;226;0.076807;0.159263;0.113589;2018-09-30;;;1.0;0.0;;;
2019-03-31;catboost_lags_regimes;228;0.05787;0.152123;-0.321418;2018-12-31;;;0.0;0.0;;;
2019-06-30;catboost_lags_regimes;227;0.04485;0.119406;0.024371;2019-03-31;;;0.0;0.0;;;
2019-09-30;catboost_lags_regimes;228;0.024705;0.10601;0.141983;2019-06-30;;;0.0;0.0;;;
2019-12-31;catboost_lags_regimes;230;0.045286;0.166691;-0.03041;2019-09-30;;;0.0;0.0;;;
2020-03-31;catboost_lags_regimes;229;0.053916;0.154337;0.095846;2019-12-31;;;1.0;1.0;;;
2020-06-30;catboost_lags_regimes;232;0.046168;0.145643;0.041827;2020-03-31;;;0.0;1.0;;;
2020-09-30;catboost_lags_regimes;224;0.037665;0.126976;-0.077014;2020-06-30;;;0.0;0.0;;;
2020-12-31;catboost_lags_regimes;229;0.04404;0.125622;-0.013502;2020-09-30;;;1.0;0.0;;;
2021-03-31;catboost_lags_regimes;228;0.033221;0.124496;0.07381;2020-12-31;;;1.0;0.0;;;
2021-06-30;catboost_lags_regimes;228;0.067069;0.15173;-0.096677;2021-03-31;;;1.0;0.0;;;
2021-09-30;catboost_lags_regimes;227;0.052885;0.171918;0.058665;2021-06-30;;;1.0;0.0;;;
2021-12-31;catboost_lags_regimes;225;0.05622;0.201509;0.17614;2021-09-30;;;1.0;0.0;;;
2022-03-31;catboost_lags_regimes;225;0.043027;0.145867;0.115668;2021-12-31;;;1.0;1.0;;;
2022-06-30;catboost_lags_regimes;225;0.029615;0.139789;0.095535;2022-03-31;;;0.0;1.0;;;
2022-09-30;catboost_lags_regimes;221;0.107582;0.276995;-0.041265;2022-06-30;;;0.0;1.0;;;
2022-12-31;catboost_lags_regimes;220;0.135186;0.248316;-0.006742;2022-09-30;;;1.0;1.0;;;
2023-03-31;catboost_lags_regimes;220;0.139064;0.253671;0.00546;2022-12-31;;;0.0;1.0;;;
2023-06-30;catboost_lags_regimes;219;0.229568;0.342495;0.484928;2023-03-31;;;0.0;1.0;;;
2023-09-30;catboost_lags_regimes;223;0.219746;0.414395;-0.482715;2023-06-30;;;1.0;1.0;;;
2023-12-31;catboost_lags_regimes;229;0.103291;0.249251;-0.125687;2023-09-30;;;0.0;1.0;;;
2024-03-31;catboost_lags_regimes;231;0.034625;0.159756;-0.160563;2023-12-31;;;0.0;1.0;;;
2024-06-30;catboost_lags_regimes;237;0.028297;0.121109;0.031669;2024-03-31;;;0.0;1.0;;;
2024-09-30;catboost_lags_regimes;238;0.033207;0.150251;-0.108286;2024-06-30;;;0.0;1.0;;;
2024-12-31;catboost_lags_regimes;240;0.032959;0.130619;-0.188362;2024-09-30;;;1.0;1.0;;;
2025-03-31;catboost_lags_regimes;240;0.039144;0.175331;0.021769;2024-12-31;;;0.0;1.0;;;
2025-06-30;catboost_lags_regimes;240;0.034221;0.132236;-0.225629;2025-03-31;;;0.0;1.0;;;
2025-09-30;catboost_lags_regimes;239;0.013674;0.084444;-0.065332;2025-06-30;;;0.0;1.0;;;
2018-12-31;patchtst_global;220;0.18302;0.325273;0.010346;2018-09-30;;;1.0;0.0;;;
2019-03-31;patchtst_global;223;0.116831;0.276196;-0.401349;2018-12-31;;;0.0;0.0;;;
2019-06-30;patchtst_global;222;0.039786;0.142869;-0.068014;2019-03-31;;;0.0;0.0;;;
2019-09-30;patchtst_global;222;0.023995;0.104331;-0.055996;2019-06-30;;;0.0;0.0;;;
2019-12-31;patchtst_global;223;0.048775;0.17924;0.106595;2019-09-30;;;0.0;0.0;;;
2020-03-31;patchtst_global;221;0.063094;0.180426;0.233771;2019-12-31;;;1.0;1.0;;;
2020-06-30;patchtst_global;223;0.046881;0.140635;0.111397;2020-03-31;;;0.0;1.0;;;
2020-09-30;patchtst_global;216;0.042624;0.155858;-0.29972;2020-06-30;;;0.0;0.0;;;
2020-12-31;patchtst_global;218;0.045342;0.154321;-0.123262;2020-09-30;;;1.0;0.0;;;
2021-03-31;patchtst_global;218;0.035192;0.14867;-0.002359;2020-12-31;;;1.0;0.0;;;
2021-06-30;patchtst_global;217;0.062079;0.160328;-0.042352;2021-03-31;;;1.0;0.0;;;
2021-09-30;patchtst_global;216;0.044437;0.132632;0.09023;2021-06-30;;;1.0;0.0;;;
2021-12-31;patchtst_global;214;0.058749;0.207516;0.031837;2021-09-30;;;1.0;0.0;;;
2022-03-31;patchtst_global;215;0.043747;0.148093;-0.04909;2021-12-31;;;1.0;1.0;;;
2022-06-30;patchtst_global;215;0.023767;0.122879;0.151269;2022-03-31;;;0.0;1.0;;;
2022-09-30;patchtst_global;213;0.155855;0.354208;-0.050132;2022-06-30;;;0.0;1.0;;;
2022-12-31;patchtst_global;211;0.163329;0.28324;0.202599;2022-09-30;;;1.0;1.0;;;
2023-03-31;patchtst_global;213;0.150695;0.330186;-0.145476;2022-12-31;;;0.0;1.0;;;
2023-06-30;patchtst_global;212;0.177069;0.351036;0.370843;2023-03-31;;;0.0;1.0;;;
2023-09-30;patchtst_global;217;0.49331;0.631528;-0.522874;2023-06-30;;;1.0;1.0;;;
2023-12-31;patchtst_global;216;0.201761;0.381144;-0.277995;2023-09-30;;;0.0;1.0;;;
2024-03-31;patchtst_global;214;0.046373;0.190983;-0.256459;2023-12-31;;;0.0;1.0;;;
2024-06-30;patchtst_global;214;0.029165;0.123616;0.07548;2024-03-31;;;0.0;1.0;;;
2024-09-30;patchtst_global;212;0.025916;0.129405;-0.129796;2024-06-30;;;0.0;1.0;;;
2024-12-31;patchtst_global;211;0.030613;0.12403;-0.029388;2024-09-30;;;1.0;1.0;;;
2025-03-31;patchtst_global;211;0.066658;0.234968;-0.216554;2024-12-31;;;0.0;1.0;;;
2025-06-30;patchtst_global;214;0.028863;0.124855;0.299946;2025-03-31;;;0.0;1.0;;;
2025-09-30;patchtst_global;219;0.016263;0.094049;-0.110889;2025-06-30;;;0.0;1.0;;;
