model;feature;mean_abs_shap;rank
kalman_tvp;mom_cs;0.067208;1
kalman_tvp;mkt_vol;0.040756;2
kalman_tvp;state_infl_high;0.018653;3
kalman_tvp;size_cs;0.01521;4
kalman_tvp;state_dd_stress;0.014995;5
kalman_tvp;illiq_cs;0.010126;6
kalman_tvp;illiq_cs_x_stress;0.008489;7
kalman_tvp;value_cs;0.006866;8
kalman_tvp;value_missing;0.006628;9
kalman_tvp;value_cs_x_inflhigh;0.004344;10
kalman_tvp;illiq_missing;0.0;11
ols;mom_cs;0.053539;1
ols;state_infl_high;0.021108;2
ols;mkt_vol;0.018879;3
ols;state_dd_stress;0.018572;4
ols;size_cs;0.01045;5
ols;illiq_cs_x_stress;0.009915;6
ols;value_missing;0.007041;7
ols;value_cs;0.006238;8
ols;value_cs_x_inflhigh;0.004503;9
ols;illiq_cs;0.002082;10
ols;illiq_missing;0.0;11
ridge;mom_cs;0.052244;1
ridge;mkt_vol;0.018732;2
ridge;state_infl_high;0.018126;3
ridge;state_dd_stress;0.017302;4
ridge;size_cs;0.009685;5
ridge;illiq_cs_x_stress;0.007552;6
ridge;value_missing;0.005641;7
ridge;value_cs;0.002026;8
ridge;illiq_cs;0.001512;9
ridge;value_cs_x_inflhigh;0.001114;10
ridge;illiq_missing;0.0;11
lasso;mom_cs;0.026076;1
lasso;mkt_vol;0.008919;2
lasso;state_dd_stress;0.00662;3
lasso;state_infl_high;0.005386;4
lasso;illiq_cs_x_stress;0.004744;5
lasso;size_cs;0.00228;6
lasso;value_cs;0.000587;7
lasso;value_missing;0.000531;8
lasso;illiq_cs;0.000465;9
lasso;value_cs_x_inflhigh;0.000348;10
lasso;illiq_missing;0.0;11
elastic_net;mom_cs;0.026032;1
elastic_net;mkt_vol;0.010316;2
elastic_net;state_infl_high;0.007158;3
elastic_net;state_dd_stress;0.006631;4
elastic_net;illiq_cs_x_stress;0.004791;5
elastic_net;size_cs;0.002608;6
elastic_net;value_cs;0.000601;7
elastic_net;illiq_cs;0.000534;8
elastic_net;value_missing;0.000533;9
elastic_net;value_cs_x_inflhigh;0.000358;10
elastic_net;illiq_missing;0.0;11
rolling_ols;mom_cs;0.10723;1
rolling_ols;mkt_vol;0.074359;2
rolling_ols;state_dd_stress;0.063249;3
rolling_ols;state_infl_high;0.034361;4
rolling_ols;size_cs;0.013678;5
rolling_ols;illiq_cs;0.009324;6
rolling_ols;illiq_cs_x_stress;0.009122;7
rolling_ols;value_cs;0.00789;8
rolling_ols;value_missing;0.007502;9
rolling_ols;value_cs_x_inflhigh;0.005503;10
rolling_ols;illiq_missing;0.0;11
catboost_lags_regimes;mkt_vol__lag2;0.025573;1
catboost_lags_regimes;mom_cs;0.018358;2
catboost_lags_regimes;mkt_vol__lag4;0.009818;3
catboost_lags_regimes;mkt_vol;0.008935;4
catboost_lags_regimes;mom_cs__lag1;0.008867;5
catboost_lags_regimes;state_infl_high;0.004903;6
catboost_lags_regimes;size_cs;0.004891;7
catboost_lags_regimes;state_infl_high__lag4;0.004822;8
catboost_lags_regimes;mkt_vol__lag3;0.004723;9
catboost_lags_regimes;illiq_cs__lag1;0.004228;10
catboost_lags_regimes;mkt_vol__lag1;0.004034;11
catboost_lags_regimes;illiq_cs__lag4;0.003946;12
catboost_lags_regimes;illiq_cs;0.003152;13
catboost_lags_regimes;illiq_cs__lag3;0.003087;14
catboost_lags_regimes;value_cs__lag2;0.003009;15
catboost_lags_regimes;size_cs__lag2;0.00296;16
catboost_lags_regimes;size_cs__lag4;0.002948;17
catboost_lags_regimes;illiq_cs_x_stress;0.00292;18
catboost_lags_regimes;mom_cs__lag2;0.002849;19
catboost_lags_regimes;mom_cs__lag3;0.002773;20
catboost_lags_regimes;illiq_cs__lag2;0.002609;21
catboost_lags_regimes;mom_cs__lag4;0.00225;22
catboost_lags_regimes;size_cs__lag1;0.002213;23
catboost_lags_regimes;size_cs__lag3;0.002152;24
catboost_lags_regimes;illiq_cs_x_stress__lag1;0.00191;25
catboost_lags_regimes;value_cs;0.001643;26
catboost_lags_regimes;illiq_cs_x_stress__lag4;0.001464;27
catboost_lags_regimes;value_missing__lag2;0.001443;28
catboost_lags_regimes;illiq_cs_x_stress__lag3;0.00128;29
catboost_lags_regimes;illiq_cs_x_stress__lag2;0.001151;30
catboost_lags_regimes;value_cs__lag1;0.001107;31
catboost_lags_regimes;value_cs__lag4;0.001079;32
catboost_lags_regimes;value_cs_x_inflhigh__lag2;0.00102;33
catboost_lags_regimes;value_missing__lag4;0.000971;34
catboost_lags_regimes;value_cs_x_inflhigh__lag4;0.000919;35
catboost_lags_regimes;state_infl_high__lag1;0.000895;36
catboost_lags_regimes;state_infl_high__lag3;0.000886;37
catboost_lags_regimes;value_cs__lag3;0.000828;38
catboost_lags_regimes;state_dd_stress__lag2;0.00079;39
catboost_lags_regimes;value_missing__lag3;0.000716;40
catboost_lags_regimes;value_cs_x_inflhigh__lag1;0.00071;41
catboost_lags_regimes;value_cs_x_inflhigh;0.000656;42
catboost_lags_regimes;state_dd_stress;0.00062;43
catboost_lags_regimes;state_dd_stress__lag3;0.000544;44
catboost_lags_regimes;state_infl_high__lag2;0.000538;45
catboost_lags_regimes;state_dd_stress__lag4;0.00047;46
catboost_lags_regimes;value_missing__lag1;0.000325;47
catboost_lags_regimes;value_cs_x_inflhigh__lag3;0.000322;48
catboost_lags_regimes;state_dd_stress__lag1;0.000317;49
catboost_lags_regimes;value_missing;0.000306;50
catboost_lags_regimes;illiq_missing;0.0;51
catboost_lags_regimes;illiq_missing__lag1;0.0;52
catboost_lags_regimes;illiq_missing__lag2;0.0;53
catboost_lags_regimes;illiq_missing__lag3;0.0;54
catboost_lags_regimes;illiq_missing__lag4;0.0;55
patchtst_global;mkt_vol__lag3;0.022073;1
patchtst_global;mkt_vol__lag5;0.02023;2
patchtst_global;mom_cs__lag4;0.018234;3
patchtst_global;mom_cs__lag2;0.017782;4
patchtst_global;mkt_vol__lag2;0.015693;5
patchtst_global;mom_cs__lag3;0.014391;6
patchtst_global;mom_cs__lag0;0.013837;7
patchtst_global;mkt_vol__lag4;0.013728;8
patchtst_global;mkt_vol__lag0;0.013352;9
patchtst_global;mom_cs__lag1;0.011943;10
patchtst_global;mkt_vol__lag1;0.011876;11
patchtst_global;mom_cs__lag5;0.010986;12
patchtst_global;state_dd_stress__lag6;0.009856;13
patchtst_global;mkt_vol__lag7;0.009464;14
patchtst_global;mkt_vol__lag6;0.009338;15
patchtst_global;value_missing__lag4;0.009038;16
patchtst_global;state_infl_high__lag4;0.009021;17
patchtst_global;illiq_cs__lag5;0.008504;18
patchtst_global;illiq_cs__lag4;0.007346;19
patchtst_global;state_dd_stress__lag7;0.007116;20
patchtst_global;illiq_cs__lag3;0.00699;21
patchtst_global;size_cs__lag4;0.006847;22
patchtst_global;state_infl_high__lag2;0.0068;23
patchtst_global;state_infl_high__lag5;0.006758;24
patchtst_global;mom_cs__lag7;0.006742;25
patchtst_global;illiq_cs__lag2;0.006651;26
patchtst_global;state_dd_stress__lag2;0.006528;27
patchtst_global;value_missing__lag2;0.006485;28
patchtst_global;state_dd_stress__lag4;0.006409;29
patchtst_global;size_cs__lag7;0.006371;30
patchtst_global;value_missing__lag0;0.006218;31
patchtst_global;size_cs__lag5;0.005729;32
patchtst_global;mom_cs__lag6;0.005651;33
patchtst_global;illiq_cs__lag7;0.005522;34
patchtst_global;value_missing__lag5;0.005345;35
patchtst_global;size_cs__lag3;0.005306;36
patchtst_global;size_cs__lag2;0.005267;37
patchtst_global;illiq_cs__lag1;0.005136;38
patchtst_global;state_infl_high__lag0;0.005122;39
patchtst_global;state_infl_high__lag3;0.005015;40
patchtst_global;illiq_cs__lag0;0.004873;41
patchtst_global;state_infl_high__lag6;0.00462;42
patchtst_global;size_cs__lag1;0.004395;43
patchtst_global;state_dd_stress__lag0;0.004369;44
patchtst_global;size_cs__lag6;0.004317;45
patchtst_global;illiq_cs__lag6;0.004247;46
patchtst_global;size_cs__lag0;0.003956;47
patchtst_global;value_missing__lag3;0.003877;48
patchtst_global;state_dd_stress__lag1;0.003772;49
patchtst_global;value_missing__lag6;0.003733;50
patchtst_global;state_dd_stress__lag3;0.003727;51
patchtst_global;state_dd_stress__lag5;0.003652;52
patchtst_global;state_infl_high__lag1;0.003635;53
patchtst_global;value_missing__lag1;0.00318;54
patchtst_global;state_infl_high__lag7;0.003028;55
patchtst_global;value_missing__lag7;0.002735;56
patchtst_global;illiq_cs_x_stress__lag7;0.001961;57
patchtst_global;illiq_cs_x_stress__lag6;0.001658;58
patchtst_global;illiq_cs_x_stress__lag3;0.001559;59
patchtst_global;value_cs__lag4;0.001524;60
patchtst_global;value_cs__lag3;0.001316;61
patchtst_global;value_cs__lag2;0.001255;62
patchtst_global;value_cs__lag5;0.001249;63
patchtst_global;value_cs__lag0;0.001159;64
patchtst_global;illiq_cs_x_stress__lag2;0.001138;65
patchtst_global;illiq_cs_x_stress__lag1;0.001096;66
patchtst_global;illiq_cs_x_stress__lag5;0.001039;67
patchtst_global;illiq_cs_x_stress__lag4;0.001015;68
patchtst_global;value_cs__lag1;0.000959;69
patchtst_global;illiq_cs_x_stress__lag0;0.000892;70
patchtst_global;value_cs__lag6;0.000839;71
patchtst_global;value_cs_x_inflhigh__lag2;0.000809;72
patchtst_global;value_cs_x_inflhigh__lag0;0.000759;73
patchtst_global;value_cs__lag7;0.000595;74
patchtst_global;value_cs_x_inflhigh__lag7;0.000584;75
patchtst_global;value_cs_x_inflhigh__lag6;0.000479;76
patchtst_global;value_cs_x_inflhigh__lag5;0.000447;77
patchtst_global;value_cs_x_inflhigh__lag4;0.000431;78
patchtst_global;value_cs_x_inflhigh__lag1;0.000374;79
patchtst_global;value_cs_x_inflhigh__lag3;0.000269;80
patchtst_global;illiq_missing__lag6;0.0;81
patchtst_global;illiq_missing__lag7;0.0;82
patchtst_global;illiq_missing__lag5;0.0;83
patchtst_global;illiq_missing__lag4;0.0;84
patchtst_global;illiq_missing__lag3;0.0;85
patchtst_global;illiq_missing__lag2;0.0;86
patchtst_global;illiq_missing__lag1;0.0;87
patchtst_global;illiq_missing__lag0;0.0;88
