strategy;forecast_date;sector_for_eval;sector_weight;sector_contribution_return;sector_expected_contribution;n_assets;sector_sleeve_return
always_linear;2018-12-31;all;1.0;0.12131946;0.03789365;11;0.12131946
always_linear;2019-03-31;all;1.0;0.01311081;-0.01628616;12;0.01311081
always_linear;2019-06-30;all;1.0;0.07906152;0.02065569;12;0.07906152
always_linear;2019-09-30;all;1.0;0.02970353;0.01127536;11;0.02970353
always_linear;2019-12-31;all;1.0;0.05388319;-0.00016171;11;0.05388319
always_linear;2020-03-31;all;1.0;0.08247127;0.11048363;7;0.08247127
always_linear;2020-06-30;all;1.0;0.15600222;0.01905503;12;0.15600222
always_linear;2020-09-30;all;1.0;0.02106467;0.09678479;9;0.02106467
always_linear;2020-12-31;all;1.0;0.04267071;0.1026709;10;0.04267071
always_linear;2021-03-31;all;1.0;0.23995814;0.09169043;10;0.23995814
always_linear;2021-06-30;all;1.0;0.06384377;0.08092606;10;0.06384377
always_linear;2021-09-30;all;1.0;0.25512797;0.08366645;9;0.25512797
always_linear;2021-12-31;all;1.0;-0.12548035;0.06780505;10;-0.12548035
always_linear;2022-03-31;all;1.0;-0.08566764;0.11458248;10;-0.08566764
always_linear;2022-06-30;all;1.0;-0.0370741;0.02899473;13;-0.0370741
always_linear;2022-09-30;all;1.0;0.11796649;-0.01703748;11;0.11796649
always_linear;2022-12-31;all;1.0;0.24746905;0.069082;9;0.24746905
always_linear;2023-03-31;all;1.0;0.60687773;0.12422675;9;0.60687773
always_linear;2023-06-30;all;1.0;0.32317371;0.17763083;8;0.32317371
always_linear;2023-09-30;all;1.0;-0.09653008;0.2442814;8;-0.09653008
always_linear;2023-12-31;all;1.0;0.04120447;0.04587026;9;0.04120447
always_linear;2024-03-31;all;1.0;-0.0330926;0.04710422;8;-0.0330926
always_linear;2024-06-30;all;1.0;-0.07606122;0.0200828;8;-0.07606122
always_linear;2024-09-30;all;1.0;-0.10164559;-0.0220248;8;-0.10164559
always_linear;2024-12-31;all;1.0;0.13273843;-0.04333122;8;0.13273843
always_linear;2025-03-31;all;1.0;-0.09766456;0.00374179;8;-0.09766456
always_linear;2025-06-30;all;1.0;0.05468984;-0.01225358;7;0.05468984
always_linear;2025-09-30;all;1.0;0.02438337;0.00403919;9;0.02438337
always_transformer;2018-12-31;all;1.0;0.13064054;0.01888663;10;0.13064054
always_transformer;2019-03-31;all;1.0;-0.08681915;0.32921473;10;-0.08681915
always_transformer;2019-06-30;all;1.0;0.01560942;0.18994271;12;0.01560942
always_transformer;2019-09-30;all;1.0;0.04154078;0.0779838;9;0.04154078
always_transformer;2019-12-31;all;1.0;-0.03614607;0.08975845;9;-0.03614607
always_transformer;2020-03-31;all;1.0;0.22570977;0.01850793;10;0.22570977
always_transformer;2020-06-30;all;1.0;0.25409856;0.11092641;9;0.25409856
always_transformer;2020-09-30;all;1.0;-0.01576967;0.14267221;9;-0.01576967
always_transformer;2020-12-31;all;1.0;0.06333946;0.18339512;10;0.06333946
always_transformer;2021-03-31;all;1.0;0.17466496;0.11513148;10;0.17466496
always_transformer;2021-06-30;all;1.0;0.010097;0.10185213;10;0.010097
always_transformer;2021-09-30;all;1.0;0.11167558;0.05495688;9;0.11167558
always_transformer;2021-12-31;all;1.0;-0.09485758;0.04443873;10;-0.09485758
always_transformer;2022-03-31;all;1.0;-0.08844006;0.01936858;10;-0.08844006
always_transformer;2022-06-30;all;1.0;0.09002091;0.02335462;8;0.09002091
always_transformer;2022-09-30;all;1.0;0.22935005;-0.04184353;12;0.22935005
always_transformer;2022-12-31;all;1.0;0.33139752;0.10015756;10;0.33139752
always_transformer;2023-03-31;all;1.0;0.19103104;0.3813392;8;0.19103104
always_transformer;2023-06-30;all;1.0;0.41726454;0.48407478;7;0.41726454
always_transformer;2023-09-30;all;1.0;-0.0132832;0.54887803;7;-0.0132832
always_transformer;2023-12-31;all;1.0;0.05733967;-0.07437092;8;0.05733967
always_transformer;2024-03-31;all;1.0;-0.06098016;0.07020457;8;-0.06098016
always_transformer;2024-06-30;all;1.0;-0.06174479;0.02163246;10;-0.06174479
always_transformer;2024-09-30;all;1.0;-0.08466104;-0.00119726;9;-0.08466104
always_transformer;2024-12-31;all;1.0;0.0973113;0.05468494;9;0.0973113
always_transformer;2025-03-31;all;1.0;-0.08654685;0.13664097;8;-0.08654685
always_transformer;2025-06-30;all;1.0;0.03344357;0.06027547;9;0.03344357
always_transformer;2025-09-30;all;1.0;-0.01373356;0.07403699;8;-0.01373356
selector_composite;2018-12-31;all;1.0;0.12131946;0.03789365;11;0.12131946
selector_composite;2019-03-31;all;1.0;0.05462858;0.03469023;11;0.05462858
selector_composite;2019-06-30;all;1.0;0.09930331;0.0338504;13;0.09930331
selector_composite;2019-09-30;all;1.0;0.08010169;0.08810192;10;0.08010169
selector_composite;2019-12-31;all;1.0;-0.0861071;0.05319265;9;-0.0861071
selector_composite;2020-03-31;all;1.0;0.05636327;0.10999872;10;0.05636327
selector_composite;2020-06-30;all;1.0;0.14939728;0.15565718;8;0.14939728
selector_composite;2020-09-30;all;1.0;0.02079371;0.09580666;10;0.02079371
selector_composite;2020-12-31;all;1.0;0.09541194;0.06887294;9;0.09541194
selector_composite;2021-03-31;all;1.0;0.10184218;0.06797094;11;0.10184218
selector_composite;2021-06-30;all;1.0;0.06097882;0.05960214;9;0.06097882
selector_composite;2021-09-30;all;1.0;0.08414608;0.08485979;9;0.08414608
selector_composite;2021-12-31;all;1.0;-0.08940225;0.03289389;12;-0.08940225
selector_composite;2022-03-31;all;1.0;-0.16583745;0.04448052;11;-0.16583745
selector_composite;2022-06-30;all;1.0;-0.10221314;0.05310805;9;-0.10221314
selector_composite;2022-09-30;all;1.0;0.2427094;0.01060254;8;0.2427094
selector_composite;2022-12-31;all;1.0;0.3319243;0.02770594;10;0.3319243
selector_composite;2023-03-31;all;1.0;0.35319837;0.18010866;10;0.35319837
selector_composite;2023-06-30;all;1.0;0.34919215;0.34929806;8;0.34919215
selector_composite;2023-09-30;all;1.0;-0.02269431;0.30856304;8;-0.02269431
selector_composite;2023-12-31;all;1.0;0.17285924;-0.16260401;9;0.17285924
selector_composite;2024-03-31;all;1.0;-0.08388447;0.06136537;9;-0.08388447
selector_composite;2024-06-30;all;1.0;-0.08465545;0.01716733;8;-0.08465545
selector_composite;2024-09-30;all;1.0;-0.13991804;-0.0341633;9;-0.13991804
selector_composite;2024-12-31;all;1.0;0.10252485;-0.04370808;9;0.10252485
selector_composite;2025-03-31;all;1.0;-0.07467192;0.09670478;9;-0.07467192
selector_composite;2025-06-30;all;1.0;0.02246203;0.05592077;7;0.02246203
selector_composite;2025-09-30;all;1.0;-0.02398873;-0.00198524;10;-0.02398873
selector_rule_based;2018-12-31;all;1.0;0.4942002;0.09852298;10;0.4942002
selector_rule_based;2019-03-31;all;1.0;0.01311081;-0.01628616;12;0.01311081
selector_rule_based;2019-06-30;all;1.0;0.07906152;0.02065569;12;0.07906152
selector_rule_based;2019-09-30;all;1.0;0.02970353;0.01127536;11;0.02970353
selector_rule_based;2019-12-31;all;1.0;0.05388319;-0.00016171;11;0.05388319
selector_rule_based;2020-03-31;all;1.0;0.22570977;0.01850793;10;0.22570977
selector_rule_based;2020-06-30;all;1.0;0.25409856;0.11092641;9;0.25409856
selector_rule_based;2020-09-30;all;1.0;0.02106467;0.09678479;9;0.02106467
selector_rule_based;2020-12-31;all;1.0;0.09541194;0.06887294;9;0.09541194
selector_rule_based;2021-03-31;all;1.0;0.07710571;0.06191658;10;0.07710571
selector_rule_based;2021-06-30;all;1.0;-0.00687018;0.08789549;10;-0.00687018
selector_rule_based;2021-09-30;all;1.0;0.07826883;0.10430005;10;0.07826883
selector_rule_based;2021-12-31;all;1.0;-0.10775079;0.04284887;10;-0.10775079
selector_rule_based;2022-03-31;all;1.0;-0.08844006;0.01936858;10;-0.08844006
selector_rule_based;2022-06-30;all;1.0;0.09002091;0.02335462;8;0.09002091
selector_rule_based;2022-09-30;all;1.0;0.22935005;-0.04184353;12;0.22935005
selector_rule_based;2022-12-31;all;1.0;0.33139752;0.10015756;10;0.33139752
selector_rule_based;2023-03-31;all;1.0;0.19103104;0.3813392;8;0.19103104
selector_rule_based;2023-06-30;all;1.0;0.41726454;0.48407478;7;0.41726454
selector_rule_based;2023-09-30;all;1.0;-0.0132832;0.54887803;7;-0.0132832
selector_rule_based;2023-12-31;all;1.0;0.05733967;-0.07437092;8;0.05733967
selector_rule_based;2024-03-31;all;1.0;-0.06098016;0.07020457;8;-0.06098016
selector_rule_based;2024-06-30;all;1.0;-0.06174479;0.02163246;10;-0.06174479
selector_rule_based;2024-09-30;all;1.0;-0.08466104;-0.00119726;9;-0.08466104
selector_rule_based;2024-12-31;all;1.0;0.0973113;0.05468494;9;0.0973113
selector_rule_based;2025-03-31;all;1.0;-0.08654685;0.13664097;8;-0.08654685
selector_rule_based;2025-06-30;all;1.0;0.03344357;0.06027547;9;0.03344357
selector_rule_based;2025-09-30;all;1.0;-0.01373356;0.07403699;8;-0.01373356
